date,pred_PM25,indice_pred,AQI_pred,zone,id_station
01/01/2021,20.949994115174615,69.612,Regular,CE,BJU
01/01/2021,10.945226727297204,45.605,Buena,NE,GAM
01/01/2021,13.97699576130075,54.947,Regular,CE,HGM
01/01/2021,6.027090823008004,25.113,Buena,SO,INN
01/01/2021,20.218491787615342,68.073,Regular,CE,MER
01/01/2021,-4.191740061622117,0.0,Buena,NE,MON
01/01/2021,-3.005019759950014,0.0,Buena,SE,MPA
01/01/2021,3.8291920122718563,15.955,Buena,NE,NEZ
01/01/2021,14.574154278384782,56.203,Regular,SO,PED
01/01/2021,9.462573996358579,39.427,Buena,NE,SAG
01/01/2021,14.016856884242202,55.031,Regular,SO,SFE
01/01/2021,11.997145022639593,49.988,Buena,NO,TLA
01/01/2021,5.089319196488966,21.205,Buena,SE,UAX
01/01/2021,9.333736320078579,38.891,Buena,SE,UIZ
01/01/2021,9.29740407379149,38.739,Buena,NE,XAL
01/02/2021,24.14266360976963,76.326,Regular,CE,BJU
01/02/2021,14.960521735012208,57.016,Regular,NE,GAM
01/02/2021,11.334962806337355,47.229,Buena,CE,HGM
01/02/2021,30.21055425275152,89.087,Regular,SO,INN
01/02/2021,7.4796112095639895,31.165,Buena,NE,MON
01/02/2021,10.430152835865524,43.459,Buena,SE,MPA
01/02/2021,11.587355682137964,48.281,Buena,NE,NEZ
01/02/2021,19.378493027365337,66.307,Regular,SO,PED
01/02/2021,19.524919087360278,66.615,Regular,NE,SAG
01/02/2021,27.17080739363372,82.694,Regular,SO,SFE
01/02/2021,17.652680461385923,62.677,Regular,NO,TLA
01/02/2021,14.62082285041077,56.301,Regular,SE,UAX
01/02/2021,8.628523365294308,35.952,Buena,NE,XAL
01/03/2021,33.58865053876974,96.191,Regular,CE,BJU
01/03/2021,24.335010896886036,76.73,Regular,NE,GAM
01/03/2021,25.002603809640622,78.134,Regular,CE,HGM
01/03/2021,25.180989133371416,78.509,Regular,SO,INN
01/03/2021,17.99690502860839,63.401,Regular,NE,MON
01/03/2021,14.050545427285615,55.102,Regular,SE,MPA
01/03/2021,22.77838194636287,73.457,Regular,NE,NEZ
01/03/2021,20.64926231521666,68.979,Regular,SO,PED
01/03/2021,26.50890728688325,81.302,Regular,SO,SFE
01/03/2021,23.569622137018914,75.121,Regular,NO,TLA
01/03/2021,24.550761401842706,77.184,Regular,SE,UAX
01/03/2021,29.108872714656126,86.77,Regular,SE,UIZ
01/04/2021,19.855479863254253,67.31,Regular,CE,BJU
01/04/2021,7.3048589208812755,30.437,Buena,NE,GAM
01/04/2021,13.948281465736663,54.887,Regular,CE,HGM
01/04/2021,17.552792039710443,62.467,Regular,SO,INN
01/04/2021,-0.23455676075332726,0.0,Buena,NE,MON
01/04/2021,4.617842162318344,19.241,Buena,SE,MPA
01/04/2021,7.609210670506152,31.705,Buena,NE,NEZ
01/04/2021,10.926669002548046,45.528,Buena,SO,PED
01/04/2021,15.620851793578176,58.404,Regular,NO,TLA
01/04/2021,9.541649879919714,39.757,Buena,SE,UAX
01/04/2021,0.5769954215921265,2.404,Buena,NE,XAL
01/05/2021,2.7926108595070187,11.636,Buena,SO,AJU
01/05/2021,26.570873476017926,81.432,Regular,CE,BJU
01/05/2021,21.356188431392066,70.466,Regular,NE,GAM
01/05/2021,20.73283239216522,69.155,Regular,CE,HGM
01/05/2021,13.996450527997755,54.988,Regular,SO,INN
01/05/2021,11.55555253148116,48.148,Buena,NE,MON
01/05/2021,6.11403693015113,25.475,Buena,SE,MPA
01/05/2021,20.486827732396844,68.638,Regular,NE,NEZ
01/05/2021,16.208290619461557,59.64,Regular,SO,PED
01/05/2021,25.312342481335797,78.786,Regular,NO,TLA
01/05/2021,18.133579766153797,63.689,Regular,SE,UAX
01/05/2021,16.9980870880939,61.301,Regular,NE,XAL
02/01/2021,24.019554294034354,76.067,Regular,CE,BJU
02/01/2021,16.962061435303365,61.225,Regular,CE,HGM
02/01/2021,18.12429476661253,63.669,Regular,SO,INN
02/01/2021,21.30341291049254,70.355,Regular,CE,MER
02/01/2021,0.19003377714246333,0.792,Buena,NE,MON
02/01/2021,0.39247876118949127,1.635,Buena,SE,MPA
02/01/2021,9.192005601251877,38.3,Buena,NE,NEZ
02/01/2021,13.575369326036373,54.103,Regular,SO,PED
02/01/2021,16.392893018769026,60.028,Regular,NE,SAG
02/01/2021,16.13808764020752,59.492,Regular,SO,SFE
02/01/2021,16.346884567571895,59.931,Regular,NO,TLA
02/01/2021,12.154059067972018,51.114,Regular,SE,UAX
02/01/2021,14.043618186401872,55.087,Regular,SE,UIZ
02/01/2021,14.40426495559876,55.846,Regular,NE,XAL
02/02/2021,33.17145882353267,95.313,Regular,CE,BJU
02/02/2021,21.579749296463817,70.936,Regular,NE,GAM
02/02/2021,19.81987266340322,67.235,Regular,CE,HGM
02/02/2021,36.52514501451967,103.524,Mala,SO,INN
02/02/2021,17.65891787920424,62.69,Regular,NE,MON
02/02/2021,17.960835577542586,63.325,Regular,SE,MPA
02/02/2021,18.089362292337984,63.596,Regular,NE,NEZ
02/02/2021,29.785345542538185,88.192,Regular,SO,PED
02/02/2021,21.671400693371027,71.129,Regular,NE,SAG
02/02/2021,36.49532954352387,103.451,Mala,SO,SFE
02/02/2021,20.69419597549832,69.074,Regular,NO,TLA
02/02/2021,23.98437448633231,75.993,Regular,SE,UAX
02/02/2021,14.542207780258403,56.136,Regular,NE,XAL
02/03/2021,35.846944290637964,101.854,Mala,CE,BJU
02/03/2021,26.174719488741385,80.599,Regular,NE,GAM
02/03/2021,25.37628419868472,78.92,Regular,CE,HGM
02/03/2021,32.75847975993629,94.445,Regular,SO,INN
02/03/2021,17.287759400602507,61.91,Regular,NE,MON
02/03/2021,16.50764990430507,60.269,Regular,SE,MPA
02/03/2021,23.97400444629529,75.971,Regular,NE,NEZ
02/03/2021,26.28733028809767,80.836,Regular,SO,PED
02/03/2021,33.15381766340195,95.276,Regular,SO,SFE
02/03/2021,25.723317198391513,79.65,Regular,NO,TLA
02/03/2021,25.814214495063883,79.841,Regular,SE,UAX
02/03/2021,29.76040616304216,88.14,Regular,SE,UIZ
02/04/2021,22.475262027004497,72.819,Regular,CE,BJU
02/04/2021,13.376358740142644,53.684,Regular,NE,GAM
02/04/2021,12.775382304671258,52.42,Regular,CE,HGM
02/04/2021,14.502419981785392,56.052,Regular,SO,INN
02/04/2021,11.831386895670061,49.297,Buena,NE,MON
02/04/2021,7.907631687762302,32.948,Buena,SE,MPA
02/04/2021,13.039053669658982,52.975,Regular,NE,NEZ
02/04/2021,11.844963601949132,49.354,Buena,SO,PED
02/04/2021,14.830468526284662,56.742,Regular,NO,TLA
02/04/2021,11.981838890842965,49.924,Buena,SE,UAX
02/04/2021,3.341489389970473,13.923,Buena,NE,XAL
02/05/2021,4.911036523315359,20.463,Buena,SO,AJU
02/05/2021,29.01867448258533,86.58,Regular,CE,BJU
02/05/2021,19.300834306519608,66.143,Regular,NE,GAM
02/05/2021,23.76565766645984,75.533,Regular,CE,HGM
02/05/2021,15.624038890906593,58.411,Regular,SO,INN
02/05/2021,6.46225472336178,26.926,Buena,NE,MON
02/05/2021,3.4284191879290105,14.285,Buena,SE,MPA
02/05/2021,15.4400650692574,58.024,Regular,NE,NEZ
02/05/2021,18.00650982029622,63.421,Regular,SO,PED
02/05/2021,25.456215225284456,79.088,Regular,NO,TLA
02/05/2021,17.35572947933508,62.053,Regular,SE,UAX
02/05/2021,16.238316134659986,59.703,Regular,NE,XAL
03/01/2021,24.690620464857783,77.478,Regular,CE,BJU
03/01/2021,19.15646739158818,65.84,Regular,CE,HGM
03/01/2021,23.041597659632398,74.01,Regular,SO,INN
03/01/2021,24.448604144681305,76.969,Regular,CE,MER
03/01/2021,1.7378179177691673,7.241,Buena,NE,MON
03/01/2021,1.7234879745580438,7.181,Buena,SE,MPA
03/01/2021,10.916259758099194,45.484,Buena,NE,NEZ
03/01/2021,13.243849429680026,53.406,Regular,SO,PED
03/01/2021,20.973277359316594,69.661,Regular,NE,SAG
03/01/2021,16.378390667152306,59.997,Regular,SO,SFE
03/01/2021,17.55639755083227,62.475,Regular,NO,TLA
03/01/2021,17.363807816970237,62.07,Regular,SE,UAX
03/01/2021,18.787176240272043,65.063,Regular,SE,UIZ
03/01/2021,16.018910955900218,59.241,Regular,NE,XAL
03/02/2021,31.06216143441142,90.878,Regular,CE,BJU
03/02/2021,23.902354889010905,75.82,Regular,NE,GAM
03/02/2021,22.690889735997214,73.273,Regular,CE,HGM
03/02/2021,32.83992529785097,94.616,Regular,SO,INN
03/02/2021,18.273240984031037,63.982,Regular,NE,MON
03/02/2021,13.399257342986335,53.732,Regular,SE,MPA
03/02/2021,21.26746253296352,70.279,Regular,NE,NEZ
03/02/2021,23.91926915846555,75.856,Regular,SO,PED
03/02/2021,29.512079220712398,87.618,Regular,NE,SAG
03/02/2021,26.740525899120566,81.789,Regular,SO,SFE
03/02/2021,22.349675618959065,72.555,Regular,NO,TLA
03/02/2021,26.971500385253314,82.275,Regular,SE,UAX
03/02/2021,15.827424200304012,58.839,Regular,NE,XAL
03/03/2021,37.56979208550057,106.096,Mala,CE,BJU
03/03/2021,28.539962248908495,85.573,Regular,NE,GAM
03/03/2021,30.449422813864988,89.589,Regular,CE,HGM
03/03/2021,32.37344703051357,93.635,Regular,SO,INN
03/03/2021,21.442094373685546,70.646,Regular,NE,MON
03/03/2021,17.813849639811032,63.016,Regular,SE,MPA
03/03/2021,25.165871332142547,78.478,Regular,NE,NEZ
03/03/2021,27.344266905367917,83.059,Regular,SO,PED
03/03/2021,32.22719656396244,93.328,Regular,SO,SFE
03/03/2021,29.342603879388054,87.261,Regular,NO,TLA
03/03/2021,30.845344339764193,90.422,Regular,SE,UAX
03/03/2021,34.40441368948858,97.906,Regular,SE,UIZ
03/04/2021,23.250162642533745,74.449,Regular,CE,BJU
03/04/2021,15.605011111377161,58.371,Regular,NE,GAM
03/04/2021,17.636224440110603,62.643,Regular,CE,HGM
03/04/2021,17.747322469952085,62.876,Regular,SO,INN
03/04/2021,10.61481028672619,44.228,Buena,NE,MON
03/04/2021,12.469779301201037,51.778,Regular,SE,MPA
03/04/2021,15.214887844089583,57.551,Regular,NE,NEZ
03/04/2021,13.620633889964303,54.198,Regular,SO,PED
03/04/2021,18.486867370881104,64.432,Regular,NO,TLA
03/04/2021,16.40136686462034,60.046,Regular,SE,UAX
03/04/2021,13.719161229142378,54.405,Regular,NE,XAL
03/05/2021,5.338616500520536,22.244,Buena,SO,AJU
03/05/2021,30.03656371512961,88.721,Regular,CE,BJU
03/05/2021,20.331235823723123,68.31,Regular,NE,GAM
03/05/2021,22.136671027001064,72.107,Regular,CE,HGM
03/05/2021,17.8195250152046,63.028,Regular,SO,INN
03/05/2021,3.3722931135317262,14.051,Buena,NE,MON
03/05/2021,6.237011886736964,25.988,Buena,SE,MPA
03/05/2021,11.918593771197042,49.661,Buena,NE,NEZ
03/05/2021,19.78801952325063,67.168,Regular,SO,PED
03/05/2021,19.3113578840552,66.166,Regular,NO,TLA
03/05/2021,16.834661276442198,60.957,Regular,SE,UAX
03/05/2021,14.066011382083737,55.135,Regular,NE,XAL
04/01/2021,28.64946107686589,85.804,Regular,CE,BJU
04/01/2021,21.362168350098816,70.478,Regular,CE,HGM
04/01/2021,32.56863302835248,94.046,Regular,SO,INN
04/01/2021,28.417165153119736,85.315,Regular,CE,MER
04/01/2021,13.917772927799597,54.823,Regular,NE,MON
04/01/2021,5.878178084400596,24.492,Buena,SE,MPA
04/01/2021,20.706350213584283,69.099,Regular,NE,NEZ
04/01/2021,22.59331539592313,73.067,Regular,SO,PED
04/01/2021,23.758073970190946,75.517,Regular,NE,SAG
04/01/2021,27.74450017607601,83.9,Regular,SO,SFE
04/01/2021,18.534129989146695,64.531,Regular,NO,TLA
04/01/2021,24.405745663161053,76.879,Regular,SE,UAX
04/01/2021,23.39992034513102,74.764,Regular,SE,UIZ
04/01/2021,16.93015103312074,61.158,Regular,NE,XAL
04/02/2021,33.485971119729285,95.975,Regular,CE,BJU
04/02/2021,26.859298342118766,82.039,Regular,NE,GAM
04/02/2021,29.021235881796823,86.585,Regular,CE,HGM
04/02/2021,26.96969364818711,82.271,Regular,SO,INN
04/02/2021,17.095366545630895,61.505,Regular,NE,MON
04/02/2021,10.09445505742369,42.06,Buena,SE,MPA
04/02/2021,23.0032638173446,73.93,Regular,NE,NEZ
04/02/2021,17.472492646325875,62.298,Regular,SO,PED
04/02/2021,28.928652052629026,86.391,Regular,NE,SAG
04/02/2021,23.604357722820886,75.194,Regular,SO,SFE
04/02/2021,27.5772136102653,83.549,Regular,NO,TLA
04/02/2021,25.002017210963718,78.133,Regular,SE,UAX
04/02/2021,21.53197278947123,70.835,Regular,NE,XAL
04/03/2021,34.088954659643406,97.243,Regular,CE,BJU
04/03/2021,25.83151825867129,79.877,Regular,NE,GAM
04/03/2021,28.329410011037062,85.131,Regular,CE,HGM
04/03/2021,24.12317906745401,76.285,Regular,SO,INN
04/03/2021,20.55257468054393,68.776,Regular,NE,MON
04/03/2021,13.840681394723259,54.661,Regular,SE,MPA
04/03/2021,25.80959249250734,79.831,Regular,NE,NEZ
04/03/2021,19.95396207959161,67.517,Regular,SO,PED
04/03/2021,26.446171634371517,81.17,Regular,NO,TLA
04/03/2021,31.22900483237848,91.228,Regular,SE,UAX
04/03/2021,32.68894340891191,94.299,Regular,SE,UIZ
04/04/2021,24.35178582219395,76.766,Regular,CE,BJU
04/04/2021,15.561625612057881,58.28,Regular,NE,GAM
04/04/2021,19.628155713988846,66.832,Regular,CE,HGM
04/04/2021,20.01724172991964,67.65,Regular,SO,INN
04/04/2021,11.33860826891027,47.244,Buena,NE,MON
04/04/2021,12.991145090209379,52.874,Regular,SE,MPA
04/04/2021,14.994566863405431,57.087,Regular,NE,NEZ
04/04/2021,15.90675139537937,59.006,Regular,SO,PED
04/04/2021,15.847688438330383,58.881,Regular,NO,TLA
04/04/2021,19.427422525421484,66.41,Regular,SE,UAX
04/04/2021,12.879703693601513,52.64,Regular,NE,XAL
04/05/2021,10.890900774822885,45.379,Buena,SO,AJU
04/05/2021,34.59876849205286,98.315,Regular,CE,BJU
04/05/2021,27.15691402037365,82.665,Regular,NE,GAM
04/05/2021,26.180829173402113,80.612,Regular,CE,HGM
04/05/2021,26.18125451917857,80.613,Regular,SO,INN
04/05/2021,14.253270011621943,55.528,Regular,NE,MON
04/05/2021,15.55803218682477,58.272,Regular,SE,MPA
04/05/2021,20.149409597638485,67.928,Regular,NE,NEZ
04/05/2021,26.771175420086788,81.854,Regular,SO,PED
04/05/2021,23.91773919943594,75.853,Regular,NO,TLA
04/05/2021,27.796655800689468,84.01,Regular,SE,UAX
04/05/2021,19.267308474215007,66.073,Regular,NE,XAL
05/01/2021,33.75951641708211,96.55,Regular,CE,BJU
05/01/2021,22.508568154511472,72.889,Regular,CE,HGM
05/01/2021,35.726882905432184,101.559,Mala,SO,INN
05/01/2021,29.397510865980184,87.377,Regular,CE,MER
05/01/2021,12.333031922578513,51.49,Regular,NE,MON
05/01/2021,9.613232760294528,40.055,Buena,SE,MPA
05/01/2021,20.2485128715123,68.136,Regular,NE,NEZ
05/01/2021,29.27926060786395,87.128,Regular,SO,PED
05/01/2021,25.405317165442273,78.981,Regular,NE,SAG
05/01/2021,31.70532222061889,92.23,Regular,SO,SFE
05/01/2021,22.648162338119292,73.183,Regular,NO,TLA
05/01/2021,24.089582872074466,76.214,Regular,SE,UAX
05/01/2021,24.800505162022457,77.709,Regular,SE,UIZ
05/02/2021,32.0021419231277,92.854,Regular,CE,BJU
05/02/2021,23.991498794748036,76.008,Regular,NE,GAM
05/02/2021,27.90888283001931,84.246,Regular,CE,HGM
05/02/2021,15.44656098032668,58.038,Regular,SO,INN
05/02/2021,11.156767688210595,46.487,Buena,NE,MON
05/02/2021,9.302854624765931,38.762,Buena,SE,MPA
05/02/2021,19.753016765732138,67.094,Regular,NE,NEZ
05/02/2021,16.031132883597646,59.267,Regular,SO,PED
05/02/2021,24.78495632830767,77.677,Regular,NE,SAG
05/02/2021,16.399867666716457,60.043,Regular,SO,SFE
05/02/2021,28.38053152104627,85.238,Regular,NO,TLA
05/02/2021,18.921749798630767,65.346,Regular,SE,UAX
05/03/2021,34.51780680904012,98.145,Regular,CE,BJU
05/03/2021,24.021956002482696,76.072,Regular,NE,GAM
05/03/2021,28.95948516794392,86.456,Regular,CE,HGM
05/03/2021,20.408437547514012,68.473,Regular,SO,INN
05/03/2021,17.380592628590616,62.105,Regular,NE,MON
05/03/2021,14.906147338627921,56.901,Regular,SE,MPA
05/03/2021,24.76347675152174,77.631,Regular,NE,NEZ
05/03/2021,17.89561277315302,63.188,Regular,SO,PED
05/03/2021,28.16347684329242,84.782,Regular,NO,TLA
05/03/2021,26.57247349285024,81.436,Regular,SE,UAX
05/03/2021,26.558182789216474,81.406,Regular,SE,UIZ
05/04/2021,29.742752591803725,88.103,Regular,CE,BJU
05/04/2021,22.04674036093293,71.918,Regular,NE,GAM
05/04/2021,23.94922832458807,75.919,Regular,CE,HGM
05/04/2021,27.778863544841073,83.973,Regular,SO,INN
05/04/2021,17.718720858612382,62.816,Regular,NE,MON
05/04/2021,12.257996580316433,51.332,Regular,SE,MPA
05/04/2021,20.723827473790745,69.136,Regular,NE,NEZ
05/04/2021,19.625894191253074,66.827,Regular,SO,PED
05/04/2021,24.00100681808402,76.028,Regular,NO,TLA
05/04/2021,24.693696232432497,77.485,Regular,SE,UAX
05/04/2021,17.896363830205537,63.19,Regular,NE,XAL
05/05/2021,14.411459163542501,55.861,Regular,SO,AJU
05/05/2021,33.9015486352786,96.849,Regular,CE,BJU
05/05/2021,21.93776305008789,71.689,Regular,NE,GAM
05/05/2021,21.43652471493932,70.635,Regular,CE,HGM
05/05/2021,28.64672093010976,85.798,Regular,SO,INN
05/05/2021,16.597664219391437,60.459,Regular,NE,MON
05/05/2021,16.33322565533918,59.902,Regular,SE,MPA
05/05/2021,21.645421706162605,71.074,Regular,NE,NEZ
05/05/2021,22.214719462465712,72.271,Regular,SO,PED
05/05/2021,23.06078850621775,74.051,Regular,NO,TLA
05/05/2021,24.74340317064637,77.589,Regular,SE,UAX
05/05/2021,17.12410797301324,61.566,Regular,NE,XAL
06/01/2021,34.70198071360241,98.532,Regular,CE,BJU
06/01/2021,24.502595923409547,77.083,Regular,CE,HGM
06/01/2021,31.565091950564607,91.935,Regular,SO,INN
06/01/2021,30.069132161744278,88.789,Regular,CE,MER
06/01/2021,13.619047111432865,54.195,Regular,NE,MON
06/01/2021,7.214377992374805,30.06,Buena,SE,MPA
06/01/2021,21.82024242940157,71.442,Regular,NE,NEZ
06/01/2021,27.122673164444276,82.593,Regular,SO,PED
06/01/2021,25.167489120988957,78.481,Regular,NE,SAG
06/01/2021,28.267327892131565,85.0,Regular,SO,SFE
06/01/2021,26.15445625775867,80.557,Regular,NO,TLA
06/01/2021,24.934185288045956,77.99,Regular,SE,UAX
06/01/2021,25.202381467875245,78.554,Regular,SE,UIZ
06/02/2021,29.195169071039533,86.951,Regular,CE,BJU
06/02/2021,21.22424907380253,70.188,Regular,NE,GAM
06/02/2021,24.139361224653126,76.319,Regular,CE,HGM
06/02/2021,14.552937574851567,56.159,Regular,SO,INN
06/02/2021,7.919313649240573,32.997,Buena,NE,MON
06/02/2021,5.7871513932498635,24.113,Buena,SE,MPA
06/02/2021,14.65590876115032,56.375,Regular,NE,NEZ
06/02/2021,12.220673375382383,51.254,Regular,SO,PED
06/02/2021,21.35383449896562,70.461,Regular,NE,SAG
06/02/2021,16.636212598176385,60.54,Regular,SO,SFE
06/02/2021,24.71170160426197,77.522,Regular,NO,TLA
06/02/2021,18.094948742591296,63.607,Regular,SE,UAX
06/03/2021,22.146280480640854,72.127,Regular,CE,BJU
06/03/2021,16.095825943889285,59.403,Regular,NE,GAM
06/03/2021,15.329843616725823,57.792,Regular,CE,HGM
06/03/2021,18.32083335719185,64.082,Regular,SO,INN
06/03/2021,13.340130697044316,53.608,Regular,NE,MON
06/03/2021,9.573697930647075,39.89,Buena,SE,MPA
06/03/2021,15.881147817751902,58.952,Regular,NE,NEZ
06/03/2021,12.951291586095525,52.79,Regular,SO,PED
06/03/2021,16.274557659291993,59.779,Regular,NO,TLA
06/03/2021,15.667339032381514,58.502,Regular,SE,UAX
06/03/2021,18.953999742777377,65.414,Regular,SE,UIZ
06/04/2021,31.217229924565217,91.204,Regular,CE,BJU
06/04/2021,23.404324573325614,74.773,Regular,NE,GAM
06/04/2021,22.728243328629496,73.351,Regular,CE,HGM
06/04/2021,28.9118373753623,86.355,Regular,SO,INN
06/04/2021,16.07606193083306,59.362,Regular,NE,MON
06/04/2021,15.60351799690299,58.368,Regular,SE,MPA
06/04/2021,22.372844573321235,72.604,Regular,NE,NEZ
06/04/2021,20.41636541360626,68.489,Regular,SO,PED
06/04/2021,23.483432454786747,74.939,Regular,NO,TLA
06/04/2021,24.916332972619198,77.953,Regular,SE,UAX
06/04/2021,14.845479319232355,56.774,Regular,NE,XAL
06/05/2021,11.480338447671027,47.835,Buena,SO,AJU
06/05/2021,27.430353559862684,83.24,Regular,CE,BJU
06/05/2021,18.58847120969183,64.645,Regular,NE,GAM
06/05/2021,21.880623771331397,71.569,Regular,CE,HGM
06/05/2021,19.9293574785798,67.465,Regular,SO,INN
06/05/2021,11.508547307112035,47.952,Buena,NE,MON
06/05/2021,14.634657362472865,56.33,Regular,SE,MPA
06/05/2021,17.260585142909477,61.853,Regular,NE,NEZ
06/05/2021,16.318729521913266,59.872,Regular,SO,PED
06/05/2021,19.14897321365135,65.824,Regular,SE,UAX
06/05/2021,13.115797722490516,53.136,Regular,NE,XAL
07/01/2021,28.410668825263308,85.301,Regular,CE,BJU
07/01/2021,16.073017502032293,59.355,Regular,CE,HGM
07/01/2021,25.01698145818115,78.164,Regular,SO,INN
07/01/2021,23.680372415685145,75.354,Regular,CE,MER
07/01/2021,9.575870007898592,39.899,Buena,NE,MON
07/01/2021,6.279711332170533,26.165,Buena,SE,MPA
07/01/2021,15.702573303887421,58.576,Regular,NE,NEZ
07/01/2021,21.828531042732447,71.459,Regular,SO,PED
07/01/2021,21.497725682823713,70.763,Regular,NE,SAG
07/01/2021,24.392457067992186,76.851,Regular,SO,SFE
07/01/2021,18.8381859865395,65.17,Regular,NO,TLA
07/01/2021,18.29785615382689,64.034,Regular,SE,UAX
07/01/2021,19.216543335327376,65.966,Regular,SE,UIZ
07/01/2021,12.157682341766886,51.121,Regular,NE,XAL
07/02/2021,24.672948112064347,77.441,Regular,CE,BJU
07/02/2021,17.308800094012863,61.954,Regular,NE,GAM
07/02/2021,15.378904202912945,57.896,Regular,CE,HGM
07/02/2021,17.408577905927316,62.164,Regular,SO,INN
07/02/2021,4.70418091564058,19.601,Buena,NE,MON
07/02/2021,7.612553083193977,31.719,Buena,SE,MPA
07/02/2021,14.720308862730093,56.511,Regular,NE,NEZ
07/02/2021,16.4351028472858,60.117,Regular,SO,PED
07/02/2021,19.165001351799315,65.858,Regular,NE,SAG
07/02/2021,19.335085539249654,66.215,Regular,SO,SFE
07/02/2021,14.281492798090738,55.588,Regular,NO,TLA
07/02/2021,14.691495176519185,56.45,Regular,SE,UAX
07/03/2021,26.74878002223503,81.806,Regular,CE,BJU
07/03/2021,18.876105589461485,65.25,Regular,NE,GAM
07/03/2021,20.67835587339479,69.04,Regular,CE,HGM
07/03/2021,21.27728978944096,70.3,Regular,SO,INN
07/03/2021,15.515681397424629,58.183,Regular,NE,MON
07/03/2021,12.264545320328645,51.346,Regular,SE,MPA
07/03/2021,18.012711981982196,63.434,Regular,NE,NEZ
07/03/2021,16.11110976413584,59.435,Regular,SO,PED
07/03/2021,16.60453436467591,60.473,Regular,NO,TLA
07/03/2021,20.89646116535621,69.499,Regular,SE,UAX
07/04/2021,36.36408954951139,103.128,Mala,CE,BJU
07/04/2021,25.032201602382155,78.196,Regular,NE,GAM
07/04/2021,26.906307304553586,82.138,Regular,CE,HGM
07/04/2021,29.31681027824055,87.207,Regular,SO,INN
07/04/2021,21.543249611518263,70.859,Regular,NE,MON
07/04/2021,15.513169996343123,58.178,Regular,SE,MPA
07/04/2021,23.97307536207429,75.969,Regular,NE,NEZ
07/04/2021,26.073277772557997,80.386,Regular,SO,PED
07/04/2021,32.182249388309,93.233,Regular,NO,TLA
07/04/2021,28.144136149476896,84.741,Regular,SE,UAX
07/04/2021,19.772120901368368,67.135,Regular,NE,XAL
07/05/2021,7.707709955926369,32.115,Buena,SO,AJU
07/05/2021,21.85677946630865,71.519,Regular,CE,BJU
07/05/2021,13.25645979451936,53.432,Regular,NE,GAM
07/05/2021,16.905578131323324,61.106,Regular,CE,HGM
07/05/2021,14.91026819333816,56.91,Regular,SO,INN
07/05/2021,11.089197851699119,46.205,Buena,NE,MON
07/05/2021,10.537734561814702,43.907,Buena,SE,MPA
07/05/2021,13.662578871503456,54.286,Regular,NE,NEZ
07/05/2021,11.819816247775954,49.249,Buena,SO,PED
07/05/2021,19.221889599839727,65.977,Regular,NO,TLA
07/05/2021,14.532170169472984,56.115,Regular,SE,UAX
07/05/2021,6.283496936155906,26.181,Buena,NE,XAL
08/01/2021,23.172836851035786,74.286,Regular,CE,BJU
08/01/2021,14.463410079596711,55.97,Regular,CE,HGM
08/01/2021,21.051210251293323,69.824,Regular,SO,INN
08/01/2021,20.373580510793232,68.399,Regular,CE,MER
08/01/2021,8.430279171653584,35.126,Buena,NE,MON
08/01/2021,4.085795436939629,17.024,Buena,SE,MPA
08/01/2021,15.716391143849116,58.605,Regular,NE,NEZ
08/01/2021,12.200176547310377,51.211,Regular,SO,PED
08/01/2021,18.845569207568673,65.186,Regular,NE,SAG
08/01/2021,18.390111655639274,64.228,Regular,SO,SFE
08/01/2021,21.220645010814348,70.181,Regular,NO,TLA
08/01/2021,14.090344913856518,55.186,Regular,SE,UAX
08/01/2021,16.598354015352772,60.46,Regular,SE,UIZ
08/01/2021,12.306096794137698,51.433,Regular,NE,XAL
08/02/2021,29.94556497082366,88.529,Regular,CE,BJU
08/02/2021,22.081660710367192,71.991,Regular,NE,GAM
08/02/2021,20.128392363147842,67.884,Regular,CE,HGM
08/02/2021,25.413607086672574,78.999,Regular,SO,INN
08/02/2021,7.8889183388556585,32.87,Buena,NE,MON
08/02/2021,5.902395116922416,24.593,Buena,SE,MPA
08/02/2021,16.850004696558393,60.989,Regular,NE,NEZ
08/02/2021,16.122169512865284,59.459,Regular,SO,PED
08/02/2021,24.877713199265617,77.872,Regular,NE,SAG
08/02/2021,22.47552279961656,72.82,Regular,SO,SFE
08/02/2021,19.848381161022214,67.295,Regular,NO,TLA
08/02/2021,19.284464924766453,66.109,Regular,SE,UAX
08/03/2021,28.475456862583123,85.438,Regular,CE,BJU
08/03/2021,19.636442258243168,66.849,Regular,NE,GAM
08/03/2021,20.66279689726599,69.008,Regular,CE,HGM
08/03/2021,29.817331920797468,88.26,Regular,SO,INN
08/03/2021,13.052379188335271,53.003,Regular,NE,MON
08/03/2021,14.624652916308683,56.309,Regular,SE,MPA
08/03/2021,16.032347486976512,59.27,Regular,NE,NEZ
08/03/2021,19.677355578346138,66.935,Regular,SO,PED
08/03/2021,15.695874742704003,58.562,Regular,NO,TLA
08/03/2021,23.107035344042945,74.148,Regular,SE,UAX
08/04/2021,34.659828412843915,98.443,Regular,CE,BJU
08/04/2021,26.068411214914878,80.376,Regular,NE,GAM
08/04/2021,28.625385393794467,85.753,Regular,CE,HGM
08/04/2021,22.740658298867228,73.377,Regular,SO,INN
08/04/2021,16.40438357532786,60.052,Regular,NE,MON
08/04/2021,13.328749342844066,53.584,Regular,SE,MPA
08/04/2021,20.51863395435304,68.704,Regular,NE,NEZ
08/04/2021,22.35838710820259,72.573,Regular,SO,PED
08/04/2021,30.400973567121653,89.487,Regular,NE,SAG
08/04/2021,30.471015987258795,89.634,Regular,NO,TLA
08/04/2021,25.890552449364854,80.002,Regular,SE,UAX
08/04/2021,21.767221906172963,71.33,Regular,NE,XAL
08/05/2021,7.777725635980632,32.407,Buena,SO,AJU
08/05/2021,25.940364006965886,80.106,Regular,CE,BJU
08/05/2021,18.404774566895128,64.259,Regular,NE,GAM
08/05/2021,19.06404848712734,65.645,Regular,CE,HGM
08/05/2021,17.588181207078186,62.542,Regular,SO,INN
08/05/2021,15.373270903886063,57.884,Regular,NE,MON
08/05/2021,12.867444602214409,52.614,Regular,SE,MPA
08/05/2021,17.67368077144844,62.721,Regular,NE,NEZ
08/05/2021,14.232837858030376,55.485,Regular,SO,PED
08/05/2021,22.295588230483872,72.441,Regular,NO,TLA
08/05/2021,19.15755231832485,65.842,Regular,SE,UAX
08/05/2021,14.403239110952573,55.844,Regular,NE,XAL
09/01/2021,22.604864937231866,73.092,Regular,CE,BJU
09/01/2021,13.814325317485888,54.605,Regular,NE,GAM
09/01/2021,14.333109809747821,55.696,Regular,CE,HGM
09/01/2021,14.269381985734006,55.562,Regular,SO,INN
09/01/2021,17.562382233929984,62.487,Regular,CE,MER
09/01/2021,3.509264669811325,14.622,Buena,NE,MON
09/01/2021,-1.0029039191704883,0.0,Buena,SE,MPA
09/01/2021,9.935069870447297,41.396,Buena,NE,NEZ
09/01/2021,10.706282577260355,44.61,Buena,SO,PED
09/01/2021,17.36638104458807,62.075,Regular,NE,SAG
09/01/2021,13.978109673821582,54.95,Regular,SO,SFE
09/01/2021,16.804489911509485,60.894,Regular,NO,TLA
09/01/2021,7.721260642004894,32.172,Buena,SE,UAX
09/01/2021,10.30842949262238,42.952,Buena,SE,UIZ
09/01/2021,10.40851260755747,43.369,Buena,NE,XAL
09/02/2021,33.03898497768725,95.035,Regular,CE,BJU
09/02/2021,26.94224721809891,82.213,Regular,NE,GAM
09/02/2021,26.419007404445765,81.113,Regular,CE,HGM
09/02/2021,35.13844818031568,99.45,Regular,SO,INN
09/02/2021,17.858836080635626,63.111,Regular,NE,MON
09/02/2021,12.590746886398623,52.032,Regular,SE,MPA
09/02/2021,24.107284458140096,76.251,Regular,NE,NEZ
09/02/2021,25.740604464580336,79.686,Regular,SO,PED
09/02/2021,30.938461200267525,90.617,Regular,NE,SAG
09/02/2021,29.197354630619284,86.956,Regular,SO,SFE
09/02/2021,26.147288403538536,80.542,Regular,NO,TLA
09/02/2021,25.382790536156868,78.934,Regular,SE,UAX
09/03/2021,32.21453996556659,93.301,Regular,CE,BJU
09/03/2021,22.992679979994012,73.907,Regular,NE,GAM
09/03/2021,24.23071613017704,76.511,Regular,CE,HGM
09/03/2021,31.81404509676781,92.459,Regular,SO,INN
09/03/2021,17.38075093928334,62.105,Regular,NE,MON
09/03/2021,18.270852985173764,63.977,Regular,SE,MPA
09/03/2021,20.421570359643123,68.5,Regular,NE,NEZ
09/03/2021,24.23225664483234,76.514,Regular,SO,PED
09/03/2021,22.157913735992246,72.152,Regular,NO,TLA
09/03/2021,25.741141811320695,79.687,Regular,SE,UAX
09/04/2021,6.84601127333566,28.525,Buena,SO,AJU
09/04/2021,29.7155027015536,88.045,Regular,CE,BJU
09/04/2021,20.8760931383345,69.456,Regular,NE,GAM
09/04/2021,25.3367155337442,78.837,Regular,CE,HGM
09/04/2021,15.788848336957065,58.758,Regular,SO,INN
09/04/2021,13.04716306276718,52.992,Regular,NE,MON
09/04/2021,9.099577366492992,37.915,Buena,SE,MPA
09/04/2021,18.458539951118514,64.372,Regular,NE,NEZ
09/04/2021,17.319265981819324,61.976,Regular,SO,PED
09/04/2021,23.18389829443658,74.309,Regular,NE,SAG
09/04/2021,30.2536473244384,89.177,Regular,NO,TLA
09/04/2021,18.403934843347983,64.257,Regular,SE,UAX
09/04/2021,17.55212355316279,62.466,Regular,NE,XAL
09/05/2021,11.513469459090713,47.973,Buena,SO,AJU
09/05/2021,29.435436681417325,87.456,Regular,CE,BJU
09/05/2021,18.415611801230426,64.282,Regular,NE,GAM
09/05/2021,22.240360504377197,72.325,Regular,CE,HGM
09/05/2021,22.806528322186544,73.516,Regular,SO,INN
09/05/2021,11.64382320933471,48.516,Buena,NE,MON
09/05/2021,14.747280107319831,56.567,Regular,SE,MPA
09/05/2021,16.50663134016413,60.267,Regular,NE,NEZ
09/05/2021,19.30806288020021,66.159,Regular,SO,PED
09/05/2021,24.91036884633493,77.94,Regular,NO,TLA
09/05/2021,19.92157170741536,67.449,Regular,SE,UAX
09/05/2021,13.94655074009979,54.883,Regular,NE,XAL
10/01/2021,25.5432340277228,79.271,Regular,CE,BJU
10/01/2021,14.37890868403314,55.793,Regular,NE,GAM
10/01/2021,14.452108544158957,55.946,Regular,CE,HGM
10/01/2021,17.58332993333348,62.531,Regular,SO,INN
10/01/2021,21.52732594142726,70.826,Regular,CE,MER
10/01/2021,0.31528770580624127,1.314,Buena,NE,MON
10/01/2021,-0.7806657633385123,0.0,Buena,SE,MPA
10/01/2021,10.554423771706544,43.977,Buena,NE,NEZ
10/01/2021,16.130995876922125,59.477,Regular,SO,PED
10/01/2021,16.615748788495416,60.497,Regular,NE,SAG
10/01/2021,16.166551483901678,59.552,Regular,SO,SFE
10/01/2021,14.038166182804282,55.076,Regular,NO,TLA
10/01/2021,14.083349872389448,55.171,Regular,SE,UAX
10/01/2021,15.410374593685475,57.962,Regular,SE,UIZ
10/01/2021,8.684518950616576,36.185,Buena,NE,XAL
10/02/2021,35.58706635708613,101.214,Mala,CE,BJU
10/02/2021,26.06263879405005,80.363,Regular,NE,GAM
10/02/2021,25.340923483017942,78.846,Regular,CE,HGM
10/02/2021,32.39826342749638,93.687,Regular,SO,INN
10/02/2021,17.484241212127806,62.323,Regular,NE,MON
10/02/2021,12.98212207430262,52.855,Regular,SE,MPA
10/02/2021,23.10599055815109,74.146,Regular,NE,NEZ
10/02/2021,27.270913482153183,82.904,Regular,SO,PED
10/02/2021,30.14982135430353,88.959,Regular,NE,SAG
10/02/2021,31.08297639690189,90.921,Regular,SO,SFE
10/02/2021,31.425428582957185,91.641,Regular,NO,TLA
10/02/2021,22.898823181512938,73.71,Regular,SE,UAX
10/03/2021,32.028281667627,92.909,Regular,CE,BJU
10/03/2021,22.33420983066443,72.523,Regular,NE,GAM
10/03/2021,24.222327038096125,76.493,Regular,CE,HGM
10/03/2021,27.997413845505232,84.432,Regular,SO,INN
10/03/2021,19.462596212776955,66.484,Regular,NE,MON
10/03/2021,15.827970398935804,58.84,Regular,SE,MPA
10/03/2021,20.182258171029563,67.997,Regular,NE,NEZ
10/03/2021,16.083975880239493,59.378,Regular,SO,PED
10/03/2021,22.899577726513087,73.712,Regular,NO,TLA
10/03/2021,28.155706684047907,84.765,Regular,SE,UAX
10/04/2021,6.380053836255112,26.584,Buena,SO,AJU
10/04/2021,29.934079404342175,88.505,Regular,CE,BJU
10/04/2021,23.545520282190065,75.07,Regular,NE,GAM
10/04/2021,26.744229835135894,81.797,Regular,CE,HGM
10/04/2021,16.669147946220004,60.609,Regular,SO,INN
10/04/2021,11.182591608910128,46.594,Buena,NE,MON
10/04/2021,12.091057409995095,0.0,Buena,SE,MPA
10/04/2021,18.330666344318754,64.103,Regular,NE,NEZ
10/04/2021,16.242280311512122,59.711,Regular,SO,PED
10/04/2021,23.525245671426706,75.027,Regular,NE,SAG
10/04/2021,24.71631708185698,77.532,Regular,NO,TLA
10/04/2021,18.915988210274687,65.334,Regular,SE,UAX
10/04/2021,22.49628808893505,72.863,Regular,NE,XAL
10/05/2021,11.996292056077104,49.985,Buena,SO,AJU
10/05/2021,33.52470841810459,96.056,Regular,CE,BJU
10/05/2021,23.06731896682571,74.064,Regular,NE,GAM
10/05/2021,24.07773431037663,76.189,Regular,CE,HGM
10/05/2021,26.077964357158645,80.396,Regular,SO,INN
10/05/2021,14.85750698346422,56.799,Regular,NE,MON
10/05/2021,14.729975676742121,56.531,Regular,SE,MPA
10/05/2021,22.17943544395123,72.197,Regular,NE,NEZ
10/05/2021,18.891588452517684,65.283,Regular,SO,PED
10/05/2021,28.288802487360233,85.045,Regular,NO,TLA
10/05/2021,22.690740538854858,73.272,Regular,SE,UAX
10/05/2021,18.635890838925175,64.745,Regular,NE,XAL
11/01/2021,23.191004364408126,74.324,Regular,CE,BJU
11/01/2021,11.44071791864266,47.67,Buena,NE,GAM
11/01/2021,9.251407994359498,38.548,Buena,CE,HGM
11/01/2021,28.039288363351986,84.52,Regular,SO,INN
11/01/2021,17.183579802192018,61.691,Regular,CE,MER
11/01/2021,4.1308353226234455,17.212,Buena,NE,MON
11/01/2021,6.8786642472209385,28.661,Buena,SE,MPA
11/01/2021,12.46244159201877,51.762,Regular,NE,NEZ
11/01/2021,20.1532818649105,67.936,Regular,SO,PED
11/01/2021,17.415988766647967,62.18,Regular,NE,SAG
11/01/2021,26.02836671772618,80.291,Regular,SO,SFE
11/01/2021,15.147378338977326,57.409,Regular,NO,TLA
11/01/2021,16.561114484773498,60.382,Regular,SE,UAX
11/01/2021,16.97418720615492,61.25,Regular,SE,UIZ
11/01/2021,3.545127608299977,14.771,Buena,NE,XAL
11/02/2021,23.082198983082048,74.096,Regular,CE,BJU
11/02/2021,13.289888330529358,53.502,Regular,NE,GAM
11/02/2021,13.929039090107931,54.846,Regular,CE,HGM
11/02/2021,16.93910239971574,61.177,Regular,SO,INN
11/02/2021,5.6279667483577835,23.45,Buena,NE,MON
11/02/2021,6.260522795087941,26.086,Buena,SE,MPA
11/02/2021,11.692516639472755,48.719,Buena,NE,NEZ
11/02/2021,13.145560306903585,53.199,Regular,SO,PED
11/02/2021,20.221327260122155,68.079,Regular,NE,SAG
11/02/2021,20.06895232152389,67.759,Regular,SO,SFE
11/02/2021,22.887997689346772,73.687,Regular,NO,TLA
11/02/2021,12.4449782081408,51.725,Regular,SE,UAX
11/03/2021,32.34679412326685,93.579,Regular,CE,BJU
11/03/2021,21.54148540765222,70.855,Regular,NE,GAM
11/03/2021,25.978005152202666,80.186,Regular,CE,HGM
11/03/2021,23.36998209291621,74.701,Regular,SO,INN
11/03/2021,19.046099989518485,65.608,Regular,NE,MON
11/03/2021,14.298225966222924,55.623,Regular,SE,MPA
11/03/2021,24.647786934321875,77.388,Regular,NE,NEZ
11/03/2021,17.19458407939683,61.714,Regular,SO,PED
11/03/2021,23.293895591501236,74.541,Regular,SO,SFE
11/03/2021,26.874719717142856,82.071,Regular,NO,TLA
11/03/2021,29.79422792366983,88.211,Regular,SE,UAX
11/04/2021,6.725008651114293,28.021,Buena,SO,AJU
11/04/2021,30.272628241483396,89.217,Regular,CE,BJU
11/04/2021,22.54682256313983,72.97,Regular,NE,GAM
11/04/2021,25.417960530756563,79.008,Regular,CE,HGM
11/04/2021,19.507864349959696,66.579,Regular,SO,INN
11/04/2021,12.239493990412623,51.293,Regular,NE,MON
11/04/2021,11.708271201259993,48.784,Buena,SE,MPA
11/04/2021,19.030188550006365,65.574,Regular,NE,NEZ
11/04/2021,17.80352734264606,62.995,Regular,SO,PED
11/04/2021,24.026144247800712,76.081,Regular,NE,SAG
11/04/2021,24.383451329960263,76.832,Regular,NO,TLA
11/04/2021,22.463837665592333,72.795,Regular,SE,UAX
11/04/2021,19.333847044759686,66.213,Regular,NE,XAL
11/05/2021,15.83136910613628,58.847,Regular,SO,AJU
11/05/2021,34.36128003893765,97.816,Regular,CE,BJU
11/05/2021,23.281625817695087,74.515,Regular,NE,GAM
11/05/2021,25.51676782524826,79.216,Regular,CE,HGM
11/05/2021,30.118811021729805,88.894,Regular,SO,INN
11/05/2021,21.025776135727806,69.771,Regular,NE,MON
11/05/2021,23.121733873121247,74.179,Regular,SE,MPA
11/05/2021,23.95539268638555,75.932,Regular,NE,NEZ
11/05/2021,24.00474373975911,76.036,Regular,SO,PED
11/05/2021,30.038585998308495,88.725,Regular,NO,TLA
11/05/2021,25.44525271025866,79.065,Regular,SE,UAX
11/05/2021,20.193568217472407,68.021,Regular,NE,XAL
12/01/2021,33.844714983448235,96.729,Regular,CE,BJU
12/01/2021,21.0334419883416,69.787,Regular,NE,GAM
12/01/2021,21.174451389203224,70.084,Regular,CE,HGM
12/01/2021,26.98695455698225,82.307,Regular,SO,INN
12/01/2021,28.204536698828452,84.868,Regular,CE,MER
12/01/2021,2.4663916142479674,10.277,Buena,NE,MON
12/01/2021,5.826002928106652,24.275,Buena,SE,MPA
12/01/2021,9.42427160480101,39.268,Buena,NE,NEZ
12/01/2021,28.534238049399377,85.561,Regular,SO,PED
12/01/2021,23.78796248803734,75.58,Regular,NE,SAG
12/01/2021,30.990433872599407,90.727,Regular,SO,SFE
12/01/2021,25.296631156629143,78.753,Regular,NO,TLA
12/01/2021,10.734519879308863,44.727,Buena,SE,UAX
12/01/2021,16.901759408817345,61.098,Regular,SE,UIZ
12/01/2021,9.805458113630774,40.856,Buena,NE,XAL
12/02/2021,19.843741663988343,67.285,Regular,CE,BJU
12/02/2021,12.537373704871403,51.92,Regular,NE,GAM
12/02/2021,16.73578635260814,60.749,Regular,CE,HGM
12/02/2021,12.226213038408865,51.265,Regular,SO,INN
12/02/2021,3.657603520876546,15.24,Buena,NE,MON
12/02/2021,2.139129605027696,8.913,Buena,SE,MPA
12/02/2021,8.731270136873706,36.38,Buena,NE,NEZ
12/02/2021,8.627432028689006,35.948,Buena,SO,PED
12/02/2021,12.686303195745172,52.233,Regular,NE,SAG
12/02/2021,10.053881156434205,41.891,Buena,SO,SFE
12/02/2021,16.4567608004625,60.162,Regular,NO,TLA
12/02/2021,9.284169785997655,38.684,Buena,SE,UAX
12/03/2021,34.477666707937104,98.06,Regular,CE,BJU
12/03/2021,25.00377862464025,78.137,Regular,NE,GAM
12/03/2021,28.1226254962904,84.696,Regular,CE,HGM
12/03/2021,19.727024921169043,67.04,Regular,SO,INN
12/03/2021,17.874211012884512,63.143,Regular,NE,MON
12/03/2021,10.916469446864529,45.485,Buena,SE,MPA
12/03/2021,22.851325559397136,73.61,Regular,NE,NEZ
12/03/2021,17.374220067801232,62.092,Regular,SO,PED
12/03/2021,22.125031665760183,72.083,Regular,SO,SFE
12/03/2021,26.742927256088098,81.794,Regular,NO,TLA
12/03/2021,28.178594086368523,84.813,Regular,SE,UAX
12/04/2021,11.932306975431937,49.718,Buena,SO,AJU
12/04/2021,30.926370001584683,90.592,Regular,CE,BJU
12/04/2021,25.64123390063226,79.477,Regular,NE,GAM
12/04/2021,23.368301750842058,74.697,Regular,CE,HGM
12/04/2021,25.00464616433328,78.139,Regular,SO,INN
12/04/2021,16.401287426695472,60.046,Regular,NE,MON
12/04/2021,14.11776089126819,55.243,Regular,SE,MPA
12/04/2021,22.005093487323084,71.83,Regular,NE,NEZ
12/04/2021,23.059021313143074,74.047,Regular,SO,PED
12/04/2021,29.57116634338553,87.742,Regular,NE,SAG
12/04/2021,22.35720154730523,72.571,Regular,NO,TLA
12/04/2021,26.732322887546577,81.772,Regular,SE,UAX
12/04/2021,19.872699284623756,67.346,Regular,NE,XAL
12/05/2021,14.476574740553517,55.998,Regular,SO,AJU
12/05/2021,34.866645304775574,98.878,Regular,CE,BJU
12/05/2021,22.198795912821506,72.238,Regular,NE,GAM
12/05/2021,23.661222447339668,75.313,Regular,CE,HGM
12/05/2021,27.661224923137656,83.725,Regular,SO,INN
12/05/2021,19.891801229486564,67.386,Regular,SE,MPA
12/05/2021,24.30191688298547,76.661,Regular,NE,NEZ
12/05/2021,22.421962822506995,72.707,Regular,SO,PED
12/05/2021,28.600392583135832,85.7,Regular,NO,TLA
12/05/2021,24.344783397425655,76.751,Regular,SE,UAX
12/05/2021,17.371539315203787,62.086,Regular,NE,XAL
13/01/2021,36.3820111451557,103.172,Mala,CE,BJU
13/01/2021,24.91382460383503,77.948,Regular,NE,GAM
13/01/2021,23.248939754008855,74.446,Regular,CE,HGM
13/01/2021,30.438529954612605,89.566,Regular,SO,INN
13/01/2021,31.097010054541663,90.951,Regular,CE,MER
13/01/2021,16.361371861575623,59.962,Regular,NE,MON
13/01/2021,13.002879275214694,52.899,Regular,SE,MPA
13/01/2021,22.20825326426753,72.258,Regular,NE,NEZ
13/01/2021,28.53146199023236,85.555,Regular,SO,PED
13/01/2021,29.12503455796885,86.804,Regular,NE,SAG
13/01/2021,34.05945963170688,97.181,Regular,SO,SFE
13/01/2021,26.541526702792208,81.371,Regular,NO,TLA
13/01/2021,26.500619047650787,81.285,Regular,SE,UAX
13/01/2021,26.523435674546306,81.333,Regular,SE,UIZ
13/01/2021,22.039007327023935,71.902,Regular,NE,XAL
13/02/2021,20.70017409254159,69.086,Regular,CE,BJU
13/02/2021,10.273654875311095,42.807,Buena,NE,GAM
13/02/2021,17.047066023679786,61.404,Regular,CE,HGM
13/02/2021,1.8969420964606136,7.904,Buena,SO,INN
13/02/2021,-10.172097670744575,0.0,Buena,NE,MON
13/02/2021,1.121999007735316,4.675,Buena,SE,MPA
13/02/2021,2.0257842802936756,8.441,Buena,NE,NEZ
13/02/2021,8.937830838358625,37.241,Buena,SO,PED
13/02/2021,9.266445562137857,38.61,Buena,NE,SAG
13/02/2021,12.306098995061818,51.433,Regular,SO,SFE
13/02/2021,12.936396954449002,52.759,Regular,NO,TLA
13/02/2021,5.253718783444115,21.89,Buena,SE,UAX
13/03/2021,32.42899215218582,93.752,Regular,CE,BJU
13/03/2021,22.24688184974307,72.339,Regular,NE,GAM
13/03/2021,26.513964507064827,81.313,Regular,CE,HGM
13/03/2021,18.026540227592907,63.464,Regular,SO,INN
13/03/2021,12.943217700215735,52.773,Regular,SE,MPA
13/03/2021,19.569155812458455,66.708,Regular,NE,NEZ
13/03/2021,17.915000531925052,63.229,Regular,SO,PED
13/03/2021,21.5898444689097,70.957,Regular,SO,SFE
13/03/2021,24.448613762953176,76.969,Regular,NO,TLA
13/03/2021,23.344936591696953,74.648,Regular,SE,UAX
13/04/2021,16.268990684055638,59.767,Regular,SO,AJU
13/04/2021,37.746188918109965,106.531,Mala,CE,BJU
13/04/2021,27.648782111217347,83.699,Regular,NE,GAM
13/04/2021,30.028625153937156,88.704,Regular,CE,HGM
13/04/2021,32.352502072619984,93.591,Regular,SO,INN
13/04/2021,20.439874001629402,68.539,Regular,NE,MON
13/04/2021,21.004353671885145,69.726,Regular,SE,MPA
13/04/2021,26.48068264423151,81.243,Regular,NE,NEZ
13/04/2021,25.570339657125192,79.328,Regular,SO,PED
13/04/2021,32.16661031965775,93.2,Regular,NE,SAG
13/04/2021,29.25408117801824,87.075,Regular,NO,TLA
13/04/2021,30.994351530404792,90.735,Regular,SE,UAX
13/04/2021,23.995048277174398,76.015,Regular,NE,XAL
13/05/2021,7.726018886296327,32.192,Buena,SO,AJU
13/05/2021,24.95645232948938,78.037,Regular,CE,BJU
13/05/2021,12.987209729498979,52.866,Regular,NE,GAM
13/05/2021,14.483473091030096,56.012,Regular,CE,HGM
13/05/2021,15.751237343723187,58.679,Regular,SO,INN
13/05/2021,6.762008273044719,28.175,Buena,NE,MON
13/05/2021,10.125007310926943,42.188,Buena,SE,MPA
13/05/2021,12.683736342143437,52.228,Regular,NE,NEZ
13/05/2021,13.610061664676138,54.176,Regular,SO,PED
13/05/2021,19.34734141882841,66.241,Regular,NO,TLA
13/05/2021,13.550040590039766,54.049,Regular,SE,UAX
13/05/2021,9.558001483804889,39.825,Buena,NE,XAL
14/01/2021,29.071776695848904,86.692,Regular,CE,BJU
14/01/2021,19.531362292415725,66.628,Regular,NE,GAM
14/01/2021,19.272878454869762,66.085,Regular,CE,HGM
14/01/2021,22.156432800310373,72.149,Regular,SO,INN
14/01/2021,26.258226437737314,80.775,Regular,CE,MER
14/01/2021,14.546952916200729,56.146,Regular,NE,MON
14/01/2021,9.329933571461353,38.875,Buena,SE,MPA
14/01/2021,18.76780247527982,65.022,Regular,NE,NEZ
14/01/2021,17.595051475578998,62.556,Regular,SO,PED
14/01/2021,24.104817199000596,76.246,Regular,NE,SAG
14/01/2021,22.77148562051602,73.442,Regular,SO,SFE
14/01/2021,22.094114335539857,72.018,Regular,NO,TLA
14/01/2021,19.32882044240394,66.202,Regular,SE,UAX
14/01/2021,19.664749141533182,66.909,Regular,SE,UIZ
14/01/2021,15.28195950793077,57.692,Regular,NE,XAL
14/02/2021,18.861672343544047,65.22,Regular,CE,BJU
14/02/2021,13.003452301998134,52.9,Regular,NE,GAM
14/02/2021,14.070786988459858,55.145,Regular,CE,HGM
14/02/2021,6.565886658537587,27.358,Buena,SO,INN
14/02/2021,-4.813476190303725,0.0,Buena,NE,MON
14/02/2021,-1.2543074444776379,0.0,Buena,SE,MPA
14/02/2021,5.115382068764504,21.314,Buena,NE,NEZ
14/02/2021,11.516781933157926,47.987,Buena,SO,PED
14/02/2021,13.475911110794904,53.894,Regular,NE,SAG
14/02/2021,16.800605657631564,60.885,Regular,SO,SFE
14/02/2021,15.078056089091318,57.263,Regular,NO,TLA
14/02/2021,10.895177157844202,45.397,Buena,SE,UAX
14/03/2021,30.267062864302975,89.205,Regular,CE,BJU
14/03/2021,21.965298688259367,71.747,Regular,NE,GAM
14/03/2021,25.905525884321985,80.033,Regular,CE,HGM
14/03/2021,22.09717528631367,72.024,Regular,SO,INN
14/03/2021,12.182060454484212,51.173,Regular,NE,MON
14/03/2021,12.876154869184717,52.632,Regular,SE,MPA
14/03/2021,20.497228123682618,68.659,Regular,NE,NEZ
14/03/2021,18.044837942435365,63.502,Regular,SO,PED
14/03/2021,22.373119535042516,72.604,Regular,SO,SFE
14/03/2021,27.082194159080565,82.508,Regular,NO,TLA
14/03/2021,22.940071467279218,73.797,Regular,SE,UAX
14/04/2021,14.970345976802946,57.036,Regular,SO,AJU
14/04/2021,36.435665254246,103.304,Mala,CE,BJU
14/04/2021,25.882938412006713,79.986,Regular,NE,GAM
14/04/2021,30.06109405102962,88.772,Regular,CE,HGM
14/04/2021,31.152782190178915,91.068,Regular,SO,INN
14/04/2021,21.07486923852151,69.874,Regular,NE,MON
14/04/2021,20.2976705874932,68.24,Regular,SE,MPA
14/04/2021,25.154921029569113,78.455,Regular,NE,NEZ
14/04/2021,26.62735420170905,81.551,Regular,SO,PED
14/04/2021,29.36405275893456,87.306,Regular,NO,TLA
14/04/2021,28.846945389025382,86.219,Regular,SE,UAX
14/04/2021,19.084955423103033,65.689,Regular,NE,XAL
14/05/2021,6.951320421483599,28.964,Buena,SO,AJU
14/05/2021,26.000426832233433,80.233,Regular,CE,BJU
14/05/2021,16.696871615432517,60.667,Regular,NE,GAM
14/05/2021,16.661729801054097,60.593,Regular,CE,HGM
14/05/2021,13.649900059951861,54.259,Regular,SO,INN
14/05/2021,11.169055377327206,46.538,Buena,NE,MON
14/05/2021,9.543835180312753,39.766,Buena,SE,MPA
14/05/2021,16.257837787110454,59.744,Regular,NE,NEZ
14/05/2021,13.609992538517448,54.176,Regular,SO,PED
14/05/2021,22.491196305530817,72.853,Regular,NO,TLA
14/05/2021,15.289843228198631,57.708,Regular,SE,UAX
14/05/2021,14.217856471727854,55.454,Regular,NE,XAL
15/01/2021,27.425404468760814,83.229,Regular,CE,BJU
15/01/2021,16.37593761984384,59.992,Regular,NE,GAM
15/01/2021,19.87969595071358,67.361,Regular,CE,HGM
15/01/2021,18.905180576332345,65.311,Regular,SO,INN
15/01/2021,26.052829862142797,80.343,Regular,CE,MER
15/01/2021,10.32491974718685,43.02,Buena,NE,MON
15/01/2021,8.001825471791625,33.341,Buena,SE,MPA
15/01/2021,17.682527615559575,62.74,Regular,NE,NEZ
15/01/2021,14.341798613251566,55.715,Regular,SO,PED
15/01/2021,21.384362582391827,70.525,Regular,NE,SAG
15/01/2021,21.38514698430088,70.527,Regular,SO,SFE
15/01/2021,22.122445579055622,72.077,Regular,NO,TLA
15/01/2021,17.43741938404008,62.225,Regular,SE,UAX
15/01/2021,18.679851703719784,64.837,Regular,SE,UIZ
15/01/2021,14.855174191960987,56.794,Regular,NE,XAL
15/02/2021,17.46640081255298,62.286,Regular,CE,BJU
15/02/2021,10.172212290420028,42.384,Buena,NE,GAM
15/02/2021,11.563110562930909,48.18,Buena,CE,HGM
15/02/2021,1.0141729510608506,4.226,Buena,SO,INN
15/02/2021,-3.1306440578792265,0.0,Buena,SE,MPA
15/02/2021,3.855287767518333,16.064,Buena,NE,NEZ
15/02/2021,10.930287896223835,45.543,Buena,SO,PED
15/02/2021,13.204832910648499,53.323,Regular,SO,SFE
15/02/2021,11.584032780255372,48.267,Buena,NO,TLA
15/02/2021,12.025175568295102,0.0,Buena,SE,UAX
15/03/2021,34.82164764380221,98.784,Regular,CE,BJU
15/03/2021,27.882784824727324,84.191,Regular,NE,GAM
15/03/2021,28.5819652970464,85.662,Regular,CE,HGM
15/03/2021,27.033506629246407,82.405,Regular,SO,INN
15/03/2021,18.288589057755086,64.015,Regular,NE,MON
15/03/2021,12.550288901115179,51.947,Regular,SE,MPA
15/03/2021,24.48053980698746,77.036,Regular,NE,NEZ
15/03/2021,23.47813237540002,74.928,Regular,SO,PED
15/03/2021,27.722493429506336,83.854,Regular,SO,SFE
15/03/2021,27.996127287989207,84.43,Regular,NO,TLA
15/03/2021,27.136949922216186,82.623,Regular,SE,UAX
15/04/2021,11.225360266526028,46.772,Buena,SO,AJU
15/04/2021,37.22211263928692,105.24,Mala,CE,BJU
15/04/2021,29.290661194168866,87.152,Regular,NE,GAM
15/04/2021,31.22972769218133,91.23,Regular,CE,HGM
15/04/2021,22.735870420686297,73.367,Regular,SO,INN
15/04/2021,21.73535578006924,71.263,Regular,NE,MON
15/04/2021,14.981161286574793,57.059,Regular,SE,MPA
15/04/2021,24.127997951981413,76.295,Regular,NE,NEZ
15/04/2021,23.516341525154342,75.009,Regular,SO,PED
15/04/2021,32.00379972496518,92.858,Regular,NO,TLA
15/04/2021,27.992654677958818,84.422,Regular,SE,UAX
15/04/2021,25.044738621105697,78.223,Regular,NE,XAL
15/05/2021,8.710204893080551,36.293,Buena,SO,AJU
15/05/2021,25.614865548021463,79.422,Regular,CE,BJU
15/05/2021,18.872256244990556,65.242,Regular,NE,GAM
15/05/2021,17.578739153604356,62.522,Regular,CE,HGM
15/05/2021,16.207306476881193,59.638,Regular,SO,INN
15/05/2021,12.973672164505851,52.837,Regular,NE,MON
15/05/2021,13.753432813797396,54.477,Regular,SE,MPA
15/05/2021,16.77421400074238,60.83,Regular,NE,NEZ
15/05/2021,14.992101209870667,57.082,Regular,SO,PED
15/05/2021,21.28901476390684,70.325,Regular,NO,TLA
15/05/2021,17.35037943986625,62.042,Regular,SE,UAX
15/05/2021,15.632244309869114,58.428,Regular,NE,XAL
16/01/2021,22.649560039512856,73.186,Regular,CE,BJU
16/01/2021,13.718005504220882,54.403,Regular,NE,GAM
16/01/2021,14.264894399558344,55.553,Regular,CE,HGM
16/01/2021,16.62320040102912,60.512,Regular,SO,INN
16/01/2021,18.700590935577768,64.881,Regular,CE,MER
16/01/2021,6.508172795545053,27.117,Buena,NE,MON
16/01/2021,4.59826929265829,19.159,Buena,SE,MPA
16/01/2021,13.446439485395462,53.832,Regular,NE,NEZ
16/01/2021,11.60616994957431,48.359,Buena,SO,PED
16/01/2021,14.959102115680153,57.013,Regular,NE,SAG
16/01/2021,17.35226587133193,62.046,Regular,SO,SFE
16/01/2021,18.239465622216073,63.911,Regular,NO,TLA
16/01/2021,13.75573370640809,54.482,Regular,SE,UAX
16/01/2021,14.212182579945582,55.442,Regular,SE,UIZ
16/01/2021,15.773703477191535,58.726,Regular,NE,XAL
16/02/2021,21.780693737553865,71.359,Regular,CE,BJU
16/02/2021,14.7558177865421,56.585,Regular,NE,GAM
16/02/2021,15.337184306747982,57.808,Regular,CE,HGM
16/02/2021,7.661374797517431,31.922,Buena,SO,INN
16/02/2021,-2.285824839929922,0.0,Buena,NE,MON
16/02/2021,-4.277525150490946,0.0,Buena,SE,MPA
16/02/2021,9.336940309653809,38.904,Buena,NE,NEZ
16/02/2021,20.059523433673785,67.739,Regular,SO,PED
16/02/2021,20.489167235098655,68.642,Regular,SO,SFE
16/02/2021,14.008909472542953,55.014,Regular,NO,TLA
16/02/2021,14.12643111497865,55.262,Regular,SE,UAX
16/03/2021,32.14541894879215,93.156,Regular,CE,BJU
16/03/2021,27.59767326825459,83.592,Regular,NE,GAM
16/03/2021,25.77230395815266,79.753,Regular,CE,HGM
16/03/2021,26.959541590027126,82.25,Regular,SO,INN
16/03/2021,16.635745261437762,60.539,Regular,NE,MON
16/03/2021,12.578659241412202,52.007,Regular,SE,MPA
16/03/2021,23.371371611801454,74.704,Regular,NE,NEZ
16/03/2021,24.54830774854923,77.179,Regular,SO,PED
16/03/2021,28.878592399293204,86.285,Regular,SO,SFE
16/03/2021,28.90368932086775,86.338,Regular,NO,TLA
16/03/2021,26.309722829987546,80.883,Regular,SE,UAX
16/04/2021,7.138441199957245,29.744,Buena,SO,AJU
16/04/2021,32.61751823287152,94.148,Regular,CE,BJU
16/04/2021,27.112822426826067,82.572,Regular,NE,GAM
16/04/2021,29.632604714994816,87.871,Regular,CE,HGM
16/04/2021,17.9650301335024,63.334,Regular,SO,INN
16/04/2021,15.349398930336106,57.833,Regular,NE,MON
16/04/2021,11.93310456343737,49.721,Buena,SE,MPA
16/04/2021,19.39968470507343,66.351,Regular,SO,PED
16/04/2021,31.214305338330863,91.197,Regular,NO,TLA
16/04/2021,25.340547302016095,78.845,Regular,SE,UAX
16/04/2021,23.858206705973,75.728,Regular,NE,XAL
16/05/2021,9.49683918442739,39.57,Buena,SO,AJU
16/05/2021,26.8712479461047,82.064,Regular,CE,BJU
16/05/2021,17.137364302494124,61.594,Regular,NE,GAM
16/05/2021,18.896438082012697,65.293,Regular,CE,HGM
16/05/2021,21.344850881111284,70.442,Regular,SO,INN
16/05/2021,10.352464209267712,43.135,Buena,NE,MON
16/05/2021,12.654586171475104,52.166,Regular,SE,MPA
16/05/2021,15.336993338113675,57.807,Regular,NE,NEZ
16/05/2021,15.391082890406636,57.921,Regular,SO,PED
16/05/2021,20.382348562288392,68.418,Regular,NO,TLA
16/05/2021,19.456130022911008,66.47,Regular,SE,UAX
16/05/2021,11.560069758512,48.167,Buena,NE,XAL
17/01/2021,26.842194958975824,82.003,Regular,CE,BJU
17/01/2021,16.606134162856485,60.476,Regular,NE,GAM
17/01/2021,13.845818208825303,54.671,Regular,CE,HGM
17/01/2021,23.641526622362676,75.272,Regular,SO,INN
17/01/2021,20.446230339017767,68.552,Regular,CE,MER
17/01/2021,8.518653454715716,35.494,Buena,NE,MON
17/01/2021,4.857694678085259,20.24,Buena,SE,MPA
17/01/2021,16.652125271173478,60.573,Regular,NE,NEZ
17/01/2021,19.22136648075901,65.976,Regular,SO,PED
17/01/2021,20.028013217351894,67.673,Regular,NE,SAG
17/01/2021,22.516955741733906,72.907,Regular,SO,SFE
17/01/2021,15.338732701118767,57.811,Regular,NO,TLA
17/01/2021,17.032366314927938,61.373,Regular,SE,UAX
17/01/2021,17.495493490873997,62.347,Regular,SE,UIZ
17/02/2021,27.303046801531867,82.972,Regular,CE,BJU
17/02/2021,19.40232103295087,66.357,Regular,NE,GAM
17/02/2021,16.691140784209356,60.655,Regular,CE,HGM
17/02/2021,20.423098163511565,68.504,Regular,SO,INN
17/02/2021,-0.18200380633304142,0.0,Buena,NE,MON
17/02/2021,5.112599966350387,21.302,Buena,SE,MPA
17/02/2021,7.013756231898566,29.224,Buena,NE,NEZ
17/02/2021,22.354089885944802,72.564,Regular,SO,PED
17/02/2021,12.894003770856962,52.67,Regular,SO,SFE
17/02/2021,14.76876519869083,56.612,Regular,NO,TLA
17/02/2021,19.36825145841582,66.285,Regular,SE,UAX
17/03/2021,35.41279067652996,0.0,Buena,CE,BJU
17/03/2021,27.596891165405562,83.59,Regular,NE,GAM
17/03/2021,28.401101588175447,85.281,Regular,CE,HGM
17/03/2021,27.664277186244522,83.732,Regular,SO,INN
17/03/2021,16.010239280673023,59.223,Regular,NE,MON
17/03/2021,16.404115948017296,60.052,Regular,SE,MPA
17/03/2021,22.54188801184474,72.959,Regular,NE,NEZ
17/03/2021,25.00403631201045,78.137,Regular,SO,PED
17/03/2021,28.486850164194472,85.462,Regular,SO,SFE
17/03/2021,28.490814457299745,85.47,Regular,NO,TLA
17/03/2021,26.03877787767771,80.313,Regular,SE,UAX
17/04/2021,3.6802870209992986,15.335,Buena,SO,AJU
17/04/2021,28.001472337960738,84.441,Regular,CE,BJU
17/04/2021,20.314321406591276,68.275,Regular,NE,GAM
17/04/2021,23.345716303014544,74.65,Regular,CE,HGM
17/04/2021,14.594527732318415,56.246,Regular,SO,INN
17/04/2021,13.299030161874006,53.522,Regular,NE,MON
17/04/2021,9.333643774883981,38.89,Buena,SE,MPA
17/04/2021,14.716407383117115,56.502,Regular,SO,PED
17/04/2021,25.892055304620992,80.005,Regular,NO,TLA
17/04/2021,20.815502940897556,69.329,Regular,SE,UAX
17/04/2021,17.76821037276297,62.92,Regular,NE,XAL
17/05/2021,10.950579881468077,45.627,Buena,SO,AJU
17/05/2021,31.8738657733386,92.585,Regular,CE,BJU
17/05/2021,23.494435140593417,74.963,Regular,NE,GAM
17/05/2021,23.97330472603694,75.97,Regular,CE,HGM
17/05/2021,23.815236398281613,75.637,Regular,SO,INN
17/05/2021,11.869161725192157,49.455,Buena,NE,MON
17/05/2021,11.809131522120502,49.205,Buena,SE,MPA
17/05/2021,19.503596933833396,66.57,Regular,NE,NEZ
17/05/2021,20.296489626841325,68.237,Regular,SO,PED
17/05/2021,25.758899250068044,79.725,Regular,NO,TLA
17/05/2021,22.55817480198095,72.994,Regular,SE,UAX
17/05/2021,20.64528225703782,68.971,Regular,NE,XAL
18/01/2021,33.62984400824513,96.277,Regular,CE,BJU
18/01/2021,23.047355327475206,74.022,Regular,NE,GAM
18/01/2021,17.95333972182983,63.31,Regular,CE,HGM
18/01/2021,33.85945625959012,96.76,Regular,SO,INN
18/01/2021,26.67661107843888,81.655,Regular,CE,MER
18/01/2021,14.118451077340733,55.245,Regular,NE,MON
18/01/2021,11.310355407101007,47.126,Buena,SE,MPA
18/01/2021,22.68786523144126,73.266,Regular,NE,NEZ
18/01/2021,26.856868700333717,82.034,Regular,SO,PED
18/01/2021,25.27889460132445,78.715,Regular,NE,SAG
18/01/2021,29.729573079145144,88.075,Regular,SO,SFE
18/01/2021,23.771527690441562,75.545,Regular,NO,TLA
18/01/2021,23.492041727267264,74.958,Regular,SE,UAX
18/01/2021,26.19993016885477,80.652,Regular,SE,UIZ
18/01/2021,18.922683408628007,65.348,Regular,NE,XAL
18/02/2021,31.39974489549007,91.587,Regular,CE,BJU
18/02/2021,25.155511772030987,78.456,Regular,NE,GAM
18/02/2021,23.694954374191738,75.384,Regular,CE,HGM
18/02/2021,12.35852997054238,51.544,Regular,SO,INN
18/02/2021,10.327418538823395,43.031,Buena,NE,MON
18/02/2021,6.1097431018050266,25.457,Buena,SE,MPA
18/02/2021,13.548074741076011,54.045,Regular,NE,NEZ
18/02/2021,17.064434569552613,61.44,Regular,SO,PED
18/02/2021,21.258034988579038,70.259,Regular,SO,SFE
18/02/2021,23.660885179836395,75.313,Regular,NO,TLA
18/02/2021,21.6237234762657,71.028,Regular,SE,UAX
18/03/2021,28.567704973578845,85.632,Regular,CE,BJU
18/03/2021,20.03868096951646,67.695,Regular,NE,GAM
18/03/2021,18.276382940749226,63.989,Regular,CE,HGM
18/03/2021,21.792757012296182,71.384,Regular,SO,INN
18/03/2021,17.48049608838264,62.315,Regular,NE,MON
18/03/2021,13.198723746025188,53.311,Regular,SE,MPA
18/03/2021,17.684563357966844,62.744,Regular,NE,NEZ
18/03/2021,16.47385974677547,60.198,Regular,SO,PED
18/03/2021,20.78347990641205,69.261,Regular,SO,SFE
18/03/2021,20.33622863680311,68.321,Regular,NO,TLA
18/03/2021,19.786238693471578,67.164,Regular,SE,UAX
18/04/2021,-0.6828352993831095,0.0,Buena,SO,AJU
18/04/2021,24.70340815102894,77.505,Regular,CE,BJU
18/04/2021,20.091653446346587,67.806,Regular,NE,GAM
18/04/2021,19.896211017683527,67.395,Regular,CE,HGM
18/04/2021,11.28363251429917,47.015,Buena,SO,INN
18/04/2021,8.714503913452333,36.31,Buena,NE,MON
18/04/2021,2.601065194135306,10.838,Buena,SE,MPA
18/04/2021,11.1460563129281,46.442,Buena,SO,PED
18/04/2021,19.350426508135527,66.248,Regular,NO,TLA
18/04/2021,16.29230435452768,59.816,Regular,SE,UAX
18/04/2021,14.612931461934734,56.285,Regular,NE,XAL
18/05/2021,12.929030982791677,52.743,Regular,SO,AJU
18/05/2021,35.04318197455251,99.25,Regular,CE,BJU
18/05/2021,25.214845576866995,78.581,Regular,NE,GAM
18/05/2021,26.82397088780924,81.965,Regular,CE,HGM
18/05/2021,29.443311100091933,87.473,Regular,SO,INN
18/05/2021,17.626142752999144,62.622,Regular,NE,MON
18/05/2021,15.235162551552577,57.593,Regular,SE,MPA
18/05/2021,22.834089865107938,73.574,Regular,NE,NEZ
18/05/2021,22.24768490786296,72.341,Regular,SO,PED
18/05/2021,28.864934369709356,86.257,Regular,NO,TLA
18/05/2021,26.722872069032253,81.752,Regular,SE,UAX
18/05/2021,21.60915902108638,70.998,Regular,NE,XAL
19/01/2021,35.49328763560662,0.0,Buena,CE,BJU
19/01/2021,27.220537873411413,82.799,Regular,NE,GAM
19/01/2021,23.35286629189813,74.665,Regular,CE,HGM
19/01/2021,38.470626581238726,108.315,Mala,SO,INN
19/01/2021,31.85766658073294,92.55,Regular,CE,MER
19/01/2021,16.220217720181473,59.665,Regular,NE,MON
19/01/2021,11.313516296726982,47.14,Buena,SE,MPA
19/01/2021,22.440107364296292,72.745,Regular,NE,NEZ
19/01/2021,28.585538306403144,85.669,Regular,SO,PED
19/01/2021,29.246066468436975,87.058,Regular,NE,SAG
19/01/2021,34.41921988283465,97.937,Regular,SO,SFE
19/01/2021,25.613685382461142,79.419,Regular,NO,TLA
19/01/2021,27.37520767538775,83.124,Regular,SE,UAX
19/01/2021,27.99193487015025,84.421,Regular,SE,UIZ
19/01/2021,22.88489050955653,73.681,Regular,NE,XAL
19/02/2021,26.982217541072842,82.297,Regular,CE,BJU
19/02/2021,19.883468232821052,67.369,Regular,NE,GAM
19/02/2021,20.274852728746016,68.192,Regular,CE,HGM
19/02/2021,18.330240576034573,64.102,Regular,SO,INN
19/02/2021,14.255335042603456,55.533,Regular,NE,MON
19/02/2021,9.367497154353664,39.031,Buena,SE,MPA
19/02/2021,14.633807987566458,56.329,Regular,NE,NEZ
19/02/2021,14.106028169356787,55.219,Regular,SO,PED
19/02/2021,17.317455570713502,61.972,Regular,SO,SFE
19/02/2021,16.8322726722203,60.952,Regular,NO,TLA
19/02/2021,18.403809388479832,64.257,Regular,SE,UAX
19/03/2021,25.90243485438686,80.027,Regular,CE,BJU
19/03/2021,17.577314537885925,62.519,Regular,NE,GAM
19/03/2021,18.76479737155969,65.016,Regular,CE,HGM
19/03/2021,18.879583399409114,65.257,Regular,SO,INN
19/03/2021,16.004436779448785,59.211,Regular,NE,MON
19/03/2021,13.988026933167653,54.971,Regular,SE,MPA
19/03/2021,18.725404507786262,64.933,Regular,NE,NEZ
19/03/2021,15.911790693236888,59.016,Regular,SO,PED
19/03/2021,19.671370095007294,66.923,Regular,SO,SFE
19/03/2021,20.83347691226998,69.367,Regular,NO,TLA
19/03/2021,20.296812412011963,68.238,Regular,SE,UAX
19/04/2021,2.802292302999215,11.676,Buena,SO,AJU
19/04/2021,23.6833276445947,75.36,Regular,CE,BJU
19/04/2021,16.694079666783104,60.661,Regular,NE,GAM
19/04/2021,18.41527119507602,64.281,Regular,CE,HGM
19/04/2021,7.207436003726055,30.031,Buena,SO,INN
19/04/2021,4.417900457176732,18.408,Buena,NE,MON
19/04/2021,1.3300648326957691,5.542,Buena,SE,MPA
19/04/2021,11.97757345164508,49.907,Buena,NE,NEZ
19/04/2021,7.713227559024671,32.138,Buena,SO,PED
19/04/2021,15.372220336921783,57.881,Regular,NO,TLA
19/04/2021,15.266407909879216,57.659,Regular,SE,UAX
19/04/2021,15.275664252729886,57.678,Regular,NE,XAL
19/05/2021,8.11315456946706,33.805,Buena,SO,AJU
19/05/2021,37.905766392061906,106.924,Mala,CE,BJU
19/05/2021,26.458038160605028,81.195,Regular,NE,GAM
19/05/2021,28.95143782304214,86.439,Regular,CE,HGM
19/05/2021,21.73316141752032,71.259,Regular,SO,INN
19/05/2021,8.813936299125583,36.725,Buena,NE,MON
19/05/2021,10.670530332431621,44.461,Buena,SE,MPA
19/05/2021,17.984268006424973,63.375,Regular,NE,NEZ
19/05/2021,21.724780694888935,71.241,Regular,SO,PED
19/05/2021,26.695006916843617,81.693,Regular,SO,SFE
19/05/2021,25.556856118946467,79.3,Regular,NO,TLA
19/05/2021,25.81290411774528,79.838,Regular,SE,UAX
19/05/2021,19.597489213509267,66.767,Regular,NE,XAL
20/01/2021,34.93306963448379,99.018,Regular,CE,BJU
20/01/2021,23.767413672032635,75.537,Regular,NE,GAM
20/01/2021,19.335464401533255,66.216,Regular,CE,HGM
20/01/2021,35.35537000795731,99.906,Regular,SO,INN
20/01/2021,28.05353417904794,84.55,Regular,CE,MER
20/01/2021,17.47009049109474,62.293,Regular,NE,MON
20/01/2021,13.06768832209702,53.035,Regular,SE,MPA
20/01/2021,21.246047113499703,70.234,Regular,NE,NEZ
20/01/2021,27.17199600206904,82.696,Regular,SO,PED
20/01/2021,25.660044708156814,79.517,Regular,NE,SAG
20/01/2021,32.63875205637804,94.193,Regular,SO,SFE
20/01/2021,20.263709828986936,68.168,Regular,NO,TLA
20/01/2021,24.75484351818304,77.613,Regular,SE,UAX
20/01/2021,18.574239182155544,64.615,Regular,NE,XAL
20/02/2021,29.400992607446288,87.384,Regular,CE,BJU
20/02/2021,20.18969152222171,68.013,Regular,NE,GAM
20/02/2021,23.793142561040543,75.591,Regular,CE,HGM
20/02/2021,17.221461314834304,61.77,Regular,SO,INN
20/02/2021,10.948408724379682,45.618,Buena,NE,MON
20/02/2021,10.608701495796952,44.203,Buena,SE,MPA
20/02/2021,16.108729971977052,59.43,Regular,NE,NEZ
20/02/2021,14.945138918945334,56.983,Regular,SO,PED
20/02/2021,18.530857432789993,64.524,Regular,SO,SFE
20/02/2021,22.952705919478554,73.823,Regular,NO,TLA
20/02/2021,19.57564712837218,66.721,Regular,SE,UAX
20/03/2021,28.583166827855937,85.664,Regular,CE,BJU
20/03/2021,18.60144368192642,64.673,Regular,NE,GAM
20/03/2021,22.52327303758263,72.92,Regular,CE,HGM
20/03/2021,18.347089082881904,64.138,Regular,SO,INN
20/03/2021,13.822063002801066,54.622,Regular,NE,MON
20/03/2021,12.154617463073237,51.115,Regular,SE,MPA
20/03/2021,17.12193128287159,61.561,Regular,NE,NEZ
20/03/2021,16.847931238956537,60.985,Regular,SO,PED
20/03/2021,18.554331558612652,64.573,Regular,SO,SFE
20/03/2021,22.482097858474784,72.834,Regular,NO,TLA
20/03/2021,19.72023409868949,67.025,Regular,SE,UAX
20/04/2021,5.455388099951816,22.731,Buena,SO,AJU
20/04/2021,27.612194665305697,83.622,Regular,CE,BJU
20/04/2021,18.695427892724794,64.87,Regular,NE,GAM
20/04/2021,19.56463607416315,66.698,Regular,CE,HGM
20/04/2021,20.022668412190928,67.661,Regular,SO,INN
20/04/2021,8.36932698744057,34.872,Buena,NE,MON
20/04/2021,0.7734802914588499,3.223,Buena,SE,MPA
20/04/2021,14.527986433850387,56.106,Regular,NE,NEZ
20/04/2021,12.859658695782098,52.598,Regular,SO,PED
20/04/2021,20.366504855021386,68.384,Regular,NO,TLA
20/04/2021,21.166642499011072,70.067,Regular,SE,UAX
20/04/2021,12.67051601217226,52.2,Regular,NE,XAL
20/05/2021,7.853988881635165,32.725,Buena,SO,AJU
20/05/2021,29.50530101676964,87.603,Regular,CE,BJU
20/05/2021,22.44803867041003,72.762,Regular,NE,GAM
20/05/2021,23.904150347822323,75.824,Regular,CE,HGM
20/05/2021,19.754440099704578,67.097,Regular,SO,INN
20/05/2021,21.595326826948405,70.969,Regular,NO,MGH
20/05/2021,8.721910643527165,36.341,Buena,SE,MPA
20/05/2021,17.7211250108815,62.821,Regular,SO,PED
20/05/2021,22.36346661795345,72.584,Regular,SO,SFE
20/05/2021,25.362466950717103,78.891,Regular,NO,TLA
20/05/2021,23.14344442077878,74.224,Regular,SE,UAX
20/05/2021,18.180049890205442,63.786,Regular,NE,XAL
21/01/2021,33.06009827383586,95.079,Regular,CE,BJU
21/01/2021,23.316798797670398,74.589,Regular,NE,GAM
21/01/2021,23.35552523958589,74.67,Regular,CE,HGM
21/01/2021,26.64015960061872,81.578,Regular,SO,INN
21/01/2021,30.04115808137058,88.73,Regular,CE,MER
21/01/2021,14.95825992001481,57.011,Regular,NE,MON
21/01/2021,7.607621463460188,31.698,Buena,SE,MPA
21/01/2021,20.184368964270273,68.001,Regular,NE,NEZ
21/01/2021,20.87961300254058,69.464,Regular,SO,PED
21/01/2021,27.24885880309422,82.858,Regular,NE,SAG
21/01/2021,23.757570704749245,75.516,Regular,SO,SFE
21/01/2021,27.408600148140263,83.194,Regular,NO,TLA
21/01/2021,20.899202876874053,69.505,Regular,SE,UAX
21/01/2021,21.753090087911094,71.3,Regular,NE,XAL
21/02/2021,30.404340506802352,89.494,Regular,CE,BJU
21/02/2021,20.047634022288122,67.714,Regular,NE,GAM
21/02/2021,22.37327793449755,72.605,Regular,CE,HGM
21/02/2021,21.432640296394823,70.627,Regular,SO,INN
21/02/2021,10.892205021280809,45.384,Buena,NE,MON
21/02/2021,10.506205158344027,43.776,Buena,SE,MPA
21/02/2021,16.87226820845194,61.036,Regular,NE,NEZ
21/02/2021,16.289829369421916,59.811,Regular,SO,PED
21/02/2021,21.86851184853761,71.543,Regular,SO,SFE
21/02/2021,23.280414004549918,74.512,Regular,NO,TLA
21/02/2021,20.90299971926352,69.513,Regular,SE,UAX
21/03/2021,29.53699053339939,87.67,Regular,CE,BJU
21/03/2021,21.358884998119798,70.471,Regular,NE,GAM
21/03/2021,24.299833291435395,76.656,Regular,CE,HGM
21/03/2021,22.160804788973742,72.158,Regular,SO,INN
21/03/2021,15.161030742716264,57.437,Regular,NE,MON
21/03/2021,10.380988360039298,43.254,Buena,SE,MPA
21/03/2021,21.16180876632351,70.057,Regular,NE,NEZ
21/03/2021,17.268880118657492,61.87,Regular,SO,PED
21/03/2021,20.26629276663756,68.174,Regular,SO,SFE
21/03/2021,24.575133270331786,77.235,Regular,NO,TLA
21/03/2021,20.285835550910768,68.215,Regular,SE,UAX
21/04/2021,13.166595940936578,53.243,Regular,SO,AJU
21/04/2021,32.35190265397354,93.59,Regular,CE,BJU
21/04/2021,29.50673345072227,87.606,Regular,NE,GAM
21/04/2021,24.62713402280203,77.345,Regular,CE,HGM
21/04/2021,25.642317892434722,79.48,Regular,SO,INN
21/04/2021,20.19405707869169,68.022,Regular,NE,MON
21/04/2021,14.190178222440787,55.396,Regular,SE,MPA
21/04/2021,22.46391686657642,72.795,Regular,NE,NEZ
21/04/2021,23.563324956078457,75.107,Regular,SO,PED
21/04/2021,24.976077191836314,78.078,Regular,NO,TLA
21/04/2021,27.88607493698581,84.198,Regular,SE,UAX
21/04/2021,23.668592198986904,75.329,Regular,NE,XAL
21/05/2021,6.3604085130531915,26.502,Buena,SO,AJU
21/05/2021,25.948810204636178,80.124,Regular,CE,BJU
21/05/2021,16.076633432034225,59.363,Regular,NE,GAM
21/05/2021,20.01176032184051,67.638,Regular,CE,HGM
21/05/2021,17.40970394096313,62.166,Regular,SO,INN
21/05/2021,23.110312249699845,74.155,Regular,NO,MGH
21/05/2021,10.506701270541209,43.778,Buena,SE,MPA
21/05/2021,15.958879763704028,59.115,Regular,SO,PED
21/05/2021,19.049888507961985,65.616,Regular,SO,SFE
21/05/2021,23.31502948556545,74.585,Regular,NO,TLA
21/05/2021,19.02445261214988,65.562,Regular,SE,UAX
21/05/2021,14.373133975692408,55.78,Regular,NE,XAL
22/01/2021,32.77004126631951,94.469,Regular,CE,BJU
22/01/2021,21.645129073977525,71.073,Regular,NE,GAM
22/01/2021,25.442471530870026,79.059,Regular,CE,HGM
22/01/2021,18.530948555979453,64.524,Regular,SO,INN
22/01/2021,31.690574547344557,92.199,Regular,CE,MER
22/01/2021,11.309186689495432,47.122,Buena,NE,MON
22/01/2021,9.453024022773638,39.388,Buena,SE,MPA
22/01/2021,20.21333837399288,68.062,Regular,NE,NEZ
22/01/2021,16.491878245323253,60.236,Regular,SO,PED
22/01/2021,24.668215028085474,77.431,Regular,NE,SAG
22/01/2021,17.817841193993942,63.025,Regular,SO,SFE
22/01/2021,28.06940972512292,84.584,Regular,NO,TLA
22/01/2021,19.13147976142853,65.787,Regular,SE,UAX
22/01/2021,22.5692761349276,73.017,Regular,NE,XAL
22/02/2021,29.33574104097455,87.247,Regular,CE,BJU
22/02/2021,21.753709636937593,71.302,Regular,NE,GAM
22/02/2021,20.973652404882714,69.661,Regular,CE,HGM
22/02/2021,28.79305537713086,86.106,Regular,SO,INN
22/02/2021,12.452792100020206,51.742,Regular,NE,MON
22/02/2021,14.504695052836308,56.057,Regular,SE,MPA
22/02/2021,18.528468004292588,64.519,Regular,NE,NEZ
22/02/2021,18.82549862707817,65.144,Regular,SO,PED
22/02/2021,23.552989284451602,75.086,Regular,SO,SFE
22/02/2021,16.870535025714847,61.032,Regular,NO,TLA
22/02/2021,23.551381604904392,75.082,Regular,SE,UAX
22/03/2021,31.294647143389536,91.366,Regular,CE,BJU
22/03/2021,24.525187399237264,77.13,Regular,NE,GAM
22/03/2021,27.03890937965344,82.417,Regular,CE,HGM
22/03/2021,25.176856012041824,78.501,Regular,SO,INN
22/03/2021,8.907448535659176,37.114,Buena,SE,MPA
22/03/2021,20.98335734617781,69.682,Regular,NE,NEZ
22/03/2021,22.956841170616034,73.832,Regular,SO,PED
22/03/2021,21.741823282423585,71.277,Regular,SO,SFE
22/03/2021,28.15564030191073,84.765,Regular,NO,TLA
22/03/2021,23.99598321354535,76.017,Regular,SE,UAX
22/04/2021,9.233607615780507,38.473,Buena,SO,AJU
22/04/2021,35.88625105080928,101.951,Mala,CE,BJU
22/04/2021,26.133329960568553,80.512,Regular,NE,GAM
22/04/2021,27.85216111704148,84.127,Regular,CE,HGM
22/04/2021,19.033637078328937,65.581,Regular,SO,INN
22/04/2021,18.044891954786564,63.502,Regular,NE,MON
22/04/2021,10.6948603394448,44.562,Buena,SE,MPA
22/04/2021,21.82188419465048,71.445,Regular,NE,NEZ
22/04/2021,23.600534300497678,75.186,Regular,SO,PED
22/04/2021,32.306146576337724,93.494,Regular,NO,TLA
22/04/2021,25.878396407752,79.976,Regular,SE,UAX
22/04/2021,22.113794482563808,72.059,Regular,NE,XAL
22/05/2021,6.949197847640124,28.955,Buena,SO,AJU
22/05/2021,25.099857230433443,78.339,Regular,CE,BJU
22/05/2021,13.946235578655315,54.883,Regular,NE,GAM
22/05/2021,22.56148441078525,73.001,Regular,CE,HGM
22/05/2021,15.487912510822209,58.125,Regular,SO,INN
22/05/2021,22.61405814089208,73.111,Regular,NO,MGH
22/05/2021,10.510317440207764,43.793,Buena,SE,MPA
22/05/2021,13.43236612276581,53.802,Regular,SO,PED
22/05/2021,17.103815621558446,61.523,Regular,SO,SFE
22/05/2021,22.041062596773198,71.906,Regular,NO,TLA
22/05/2021,18.671589800599094,64.82,Regular,SE,UAX
22/05/2021,12.265680254685014,51.348,Regular,NE,XAL
23/01/2021,30.001528560675904,88.647,Regular,CE,BJU
23/01/2021,21.131120772050682,69.992,Regular,NE,GAM
23/01/2021,25.218784957431144,78.589,Regular,CE,HGM
23/01/2021,18.831364066320052,65.156,Regular,SO,INN
23/01/2021,30.454949104479596,89.601,Regular,CE,MER
23/01/2021,10.133531937917358,42.223,Buena,NE,MON
23/01/2021,6.8141040778112805,28.392,Buena,SE,MPA
23/01/2021,18.46834563872125,64.393,Regular,NE,NEZ
23/01/2021,14.344445830928539,55.72,Regular,SO,PED
23/01/2021,23.320031183896784,74.596,Regular,NE,SAG
23/01/2021,19.4722878896068,66.504,Regular,SO,SFE
23/01/2021,25.69055912185588,79.581,Regular,NO,TLA
23/01/2021,19.450344960958688,66.458,Regular,SE,UAX
23/01/2021,21.44758320167436,70.658,Regular,SE,UIZ
23/01/2021,20.131199788365134,67.89,Regular,NE,XAL
23/02/2021,35.06145471611771,99.288,Regular,CE,BJU
23/02/2021,25.71608283127274,79.635,Regular,NE,GAM
23/02/2021,26.09434977017127,80.43,Regular,CE,HGM
23/02/2021,35.18957370727553,99.557,Regular,SO,INN
23/02/2021,20.659982381952606,69.002,Regular,NE,MON
23/02/2021,16.968266520109704,61.238,Regular,SE,MPA
23/02/2021,22.686482929682757,73.263,Regular,NE,NEZ
23/02/2021,28.295896517901394,85.06,Regular,SO,PED
23/02/2021,32.36234184947151,93.612,Regular,SO,SFE
23/02/2021,21.97912236526665,71.776,Regular,NO,TLA
23/02/2021,27.86884055263116,84.162,Regular,SE,UAX
23/03/2021,29.07027055405606,86.689,Regular,CE,BJU
23/03/2021,25.464075146857297,79.105,Regular,NE,GAM
23/03/2021,21.547340975075404,70.868,Regular,CE,HGM
23/03/2021,26.596968853067203,81.487,Regular,SO,INN
23/03/2021,11.831651023069558,49.299,Buena,NE,MON
23/03/2021,10.881888450529564,45.341,Buena,SE,MPA
23/03/2021,17.52360353333782,62.406,Regular,NE,NEZ
23/03/2021,23.544643963920077,75.068,Regular,SO,PED
23/03/2021,17.64989282832091,62.671,Regular,SO,SFE
23/03/2021,26.372470315255043,81.015,Regular,NO,TLA
23/03/2021,26.659740610655586,81.619,Regular,SE,UAX
23/04/2021,5.470102596399583,22.792,Buena,SO,AJU
23/04/2021,32.19118876810774,93.252,Regular,CE,BJU
23/04/2021,23.762389390573457,75.526,Regular,NE,GAM
23/04/2021,26.671536395177323,81.644,Regular,CE,HGM
23/04/2021,15.222165167290441,57.566,Regular,SO,INN
23/04/2021,12.167578249532319,51.142,Regular,NE,MON
23/04/2021,12.953286166939268,52.794,Regular,SE,MPA
23/04/2021,19.534541897664337,66.635,Regular,NE,NEZ
23/04/2021,18.505317498502706,64.47,Regular,SO,PED
23/04/2021,27.93348533779979,84.298,Regular,NO,TLA
23/04/2021,21.967341958823805,71.751,Regular,SE,UAX
23/04/2021,17.099230790112784,61.513,Regular,NE,XAL
23/05/2021,9.859886302042622,41.083,Buena,SO,AJU
23/05/2021,24.890996439744757,77.9,Regular,CE,BJU
23/05/2021,13.229419183891633,53.375,Regular,NE,GAM
23/05/2021,18.535851367855802,64.535,Regular,CE,HGM
23/05/2021,19.774997322658987,67.141,Regular,SO,INN
23/05/2021,18.8770049243304,65.252,Regular,NO,MGH
23/05/2021,12.435794585263235,51.706,Regular,SE,MPA
23/05/2021,14.349868489092094,55.731,Regular,SO,PED
23/05/2021,19.033158300911655,65.58,Regular,SO,SFE
23/05/2021,19.71644781660248,67.017,Regular,NO,TLA
23/05/2021,19.195303081426268,65.921,Regular,SE,UAX
23/05/2021,10.839493056586395,45.165,Buena,NE,XAL
24/01/2021,29.48914549883428,87.569,Regular,CE,BJU
24/01/2021,21.148920999527455,70.03,Regular,NE,GAM
24/01/2021,22.2078028861633,72.257,Regular,CE,HGM
24/01/2021,22.876385474797,73.663,Regular,SO,INN
24/01/2021,26.78456981079181,81.882,Regular,CE,MER
24/01/2021,7.4876930174321235,31.199,Buena,NE,MON
24/01/2021,8.256990306618569,34.404,Buena,SE,MPA
24/01/2021,16.04268432399038,59.291,Regular,NE,NEZ
24/01/2021,16.625372672859353,60.517,Regular,SO,PED
24/01/2021,24.173301507710658,76.39,Regular,NE,SAG
24/01/2021,20.80302311035318,69.302,Regular,SO,SFE
24/01/2021,20.90414539627521,69.515,Regular,NO,TLA
24/01/2021,18.63306529787398,64.739,Regular,SE,UAX
24/01/2021,20.333331373924775,68.315,Regular,SE,UIZ
24/01/2021,17.740815997845875,62.863,Regular,NE,XAL
24/02/2021,30.346075423209104,89.372,Regular,CE,BJU
24/02/2021,23.98859929161871,76.002,Regular,NE,GAM
24/02/2021,22.867252905677184,73.644,Regular,CE,HGM
24/02/2021,31.594537258861703,91.997,Regular,SO,INN
24/02/2021,18.271829139973594,63.979,Regular,NE,MON
24/02/2021,15.289621505759037,57.708,Regular,SE,MPA
24/02/2021,20.989439438669812,69.695,Regular,NE,NEZ
24/02/2021,20.5746659525397,68.822,Regular,SO,PED
24/02/2021,24.805888363957127,77.721,Regular,SO,SFE
24/02/2021,20.389622109320822,68.433,Regular,NO,TLA
24/02/2021,26.304924351933273,80.873,Regular,SE,UAX
24/03/2021,30.478397239068077,89.65,Regular,CE,BJU
24/03/2021,24.514520538815667,77.108,Regular,NE,GAM
24/03/2021,23.084019757352284,74.099,Regular,CE,HGM
24/03/2021,23.793644523868043,75.592,Regular,SO,INN
24/03/2021,10.050500715379025,41.877,Buena,NE,MON
24/03/2021,4.471847006662567,18.633,Buena,SE,MPA
24/03/2021,15.95877365326582,59.115,Regular,NE,NEZ
24/03/2021,17.65325284965995,62.679,Regular,SO,PED
24/03/2021,23.102463627514577,74.138,Regular,SO,SFE
24/03/2021,23.91833627977527,75.854,Regular,NO,TLA
24/03/2021,24.007145747256626,76.041,Regular,SE,UAX
24/04/2021,7.141639478106224,29.757,Buena,SO,AJU
24/04/2021,31.184369721066762,91.135,Regular,CE,BJU
24/04/2021,22.585936430747825,73.052,Regular,NE,GAM
24/04/2021,25.32994349419442,78.823,Regular,CE,HGM
24/04/2021,17.272891581402696,61.879,Regular,SO,INN
24/04/2021,13.967704960694679,54.928,Regular,NE,MON
24/04/2021,13.36565349427946,53.662,Regular,SE,MPA
24/04/2021,19.515166804934633,66.594,Regular,NE,NEZ
24/04/2021,15.905237635829591,59.002,Regular,SO,PED
24/04/2021,25.414028691644614,78.999,Regular,NO,TLA
24/04/2021,20.682791183620616,69.05,Regular,SE,UAX
24/04/2021,19.732934504549046,67.052,Regular,NE,XAL
24/05/2021,12.457299057498002,51.751,Regular,SO,AJU
24/05/2021,28.34179623227405,85.157,Regular,CE,BJU
24/05/2021,15.155532258763879,57.426,Regular,NE,GAM
24/05/2021,18.425733753533823,64.303,Regular,CE,HGM
24/05/2021,26.278893324845452,80.818,Regular,SO,INN
24/05/2021,16.67863927686766,60.629,Regular,NO,MGH
24/05/2021,15.06953063674284,57.245,Regular,SE,MPA
24/05/2021,15.470849621359068,58.089,Regular,SO,PED
24/05/2021,21.379124967139354,70.514,Regular,SO,SFE
24/05/2021,19.345262934177914,66.237,Regular,NO,TLA
24/05/2021,18.705748685060367,64.892,Regular,SE,UAX
24/05/2021,8.71089649637327,36.295,Buena,NE,XAL
25/01/2021,31.291701860069548,91.36,Regular,CE,BJU
25/01/2021,22.718667825365483,73.331,Regular,NE,GAM
25/01/2021,23.126071314612417,74.188,Regular,CE,HGM
25/01/2021,28.683964095304393,85.876,Regular,SO,INN
25/01/2021,30.513028063458894,89.723,Regular,CE,MER
25/01/2021,5.141530038711008,21.423,Buena,NE,MON
25/01/2021,2.333011579694526,9.721,Buena,SE,MPA
25/01/2021,15.718333080639644,58.609,Regular,NE,NEZ
25/01/2021,21.755560121804194,71.306,Regular,SO,PED
25/01/2021,23.97269405109194,75.968,Regular,NE,SAG
25/01/2021,21.904586409435748,71.619,Regular,SO,SFE
25/01/2021,20.67806578048806,69.04,Regular,NO,TLA
25/01/2021,19.962978659284317,67.536,Regular,SE,UAX
25/01/2021,23.006244526742254,73.936,Regular,SE,UIZ
25/01/2021,12.239907481170064,51.294,Regular,NE,XAL
25/02/2021,34.306715803804934,97.701,Regular,CE,BJU
25/02/2021,27.814991591275184,84.049,Regular,NE,GAM
25/02/2021,26.9933398164848,82.321,Regular,CE,HGM
25/02/2021,23.52963041357926,75.037,Regular,SO,INN
25/02/2021,14.90978070706218,56.909,Regular,NE,MON
25/02/2021,11.370173822108855,47.376,Buena,SE,MPA
25/02/2021,19.694987575420093,66.972,Regular,NE,NEZ
25/02/2021,21.001014652778338,69.719,Regular,SO,PED
25/02/2021,25.91296200181084,80.049,Regular,SO,SFE
25/02/2021,25.121494161494716,78.384,Regular,NO,TLA
25/02/2021,25.885953652082485,79.992,Regular,SE,UAX
25/02/2021,27.296401528983683,82.958,Regular,SE,UIZ
25/03/2021,32.429967694794584,93.754,Regular,CE,BJU
25/03/2021,27.08420433312884,82.512,Regular,NE,GAM
25/03/2021,26.425301778760037,81.126,Regular,CE,HGM
25/03/2021,18.840351662947302,65.175,Regular,SO,INN
25/03/2021,14.32732330576168,55.684,Regular,NE,MON
25/03/2021,10.784801515125267,44.937,Buena,SE,MPA
25/03/2021,23.552965376089464,75.086,Regular,NE,NEZ
25/03/2021,14.699036175365297,56.466,Regular,SO,PED
25/03/2021,17.31700686768283,61.971,Regular,SO,SFE
25/03/2021,29.240542559316086,87.047,Regular,NO,TLA
25/03/2021,24.74688999533875,77.596,Regular,SE,UAX
25/04/2021,10.09812238229604,42.076,Buena,SO,AJU
25/04/2021,29.595601891717905,87.793,Regular,CE,BJU
25/04/2021,20.25975436606756,68.16,Regular,NE,GAM
25/04/2021,22.26987565650635,72.387,Regular,CE,HGM
25/04/2021,22.262769924284907,72.372,Regular,SO,INN
25/04/2021,16.096680744688825,59.405,Regular,NE,MON
25/04/2021,14.603095078689046,56.264,Regular,SE,MPA
25/04/2021,21.39019376211039,70.537,Regular,NE,NEZ
25/04/2021,18.887600757884993,65.274,Regular,SO,PED
25/04/2021,22.225618541366195,72.294,Regular,NO,TLA
25/04/2021,23.187584569318904,74.317,Regular,SE,UAX
25/04/2021,18.035303698665103,63.482,Regular,NE,XAL
25/05/2021,15.295205133769713,57.72,Regular,SO,AJU
25/05/2021,37.682238931658304,106.373,Mala,CE,BJU
25/05/2021,25.018997921180063,78.169,Regular,NE,GAM
25/05/2021,27.057690365099145,82.456,Regular,CE,HGM
25/05/2021,29.917082083257323,88.469,Regular,SO,INN
25/05/2021,26.842742449739504,82.004,Regular,NO,MGH
25/05/2021,25.277291533795214,78.712,Regular,NE,NEZ
25/05/2021,21.699697987418958,71.188,Regular,SO,PED
25/05/2021,28.76440035626657,86.045,Regular,SO,SFE
25/05/2021,26.781806583069027,81.876,Regular,NO,TLA
25/05/2021,29.387437322155776,87.356,Regular,SE,UAX
25/05/2021,19.194519059867915,65.92,Regular,NE,XAL
26/01/2021,37.97002993783405,107.082,Mala,CE,BJU
26/01/2021,26.83388359041906,81.985,Regular,NE,GAM
26/01/2021,28.350667396954208,85.175,Regular,CE,HGM
26/01/2021,33.203535598057734,95.381,Regular,SO,INN
26/01/2021,34.92537710756348,99.002,Regular,CE,MER
26/01/2021,17.024186162384957,61.356,Regular,NE,MON
26/01/2021,10.183426442595431,42.431,Buena,SE,MPA
26/01/2021,19.49153257551681,66.544,Regular,NE,NEZ
26/01/2021,27.856760666197967,84.137,Regular,SO,PED
26/01/2021,32.21715060870383,93.306,Regular,NE,SAG
26/01/2021,29.94031312454565,88.518,Regular,SO,SFE
26/01/2021,25.27476560628439,78.707,Regular,NO,TLA
26/01/2021,23.54445281370199,75.068,Regular,SE,UAX
26/02/2021,35.23660032718891,99.656,Regular,CE,BJU
26/02/2021,27.90147580275411,84.231,Regular,NE,GAM
26/02/2021,29.85544259137072,88.34,Regular,CE,HGM
26/02/2021,18.262287551657668,63.959,Regular,SO,INN
26/02/2021,15.42043091325769,57.983,Regular,NE,MON
26/02/2021,9.960090465595247,41.5,Buena,SE,MPA
26/02/2021,21.096595224861403,69.92,Regular,NE,NEZ
26/02/2021,19.66042374014329,66.9,Regular,SO,PED
26/02/2021,22.823667767460268,73.552,Regular,SO,SFE
26/02/2021,29.41640997361544,87.416,Regular,NO,TLA
26/02/2021,24.131448729426577,76.302,Regular,SE,UAX
26/02/2021,27.87005087852994,84.164,Regular,SE,UIZ
26/03/2021,32.90176929881048,94.746,Regular,CE,BJU
26/03/2021,24.928071855143916,77.977,Regular,NE,GAM
26/03/2021,27.340696840816086,83.051,Regular,CE,HGM
26/03/2021,17.15374418246085,61.628,Regular,SO,INN
26/03/2021,16.763307390562375,60.807,Regular,NE,MON
26/03/2021,14.61731425117308,56.294,Regular,SE,MPA
26/03/2021,24.48943941716818,77.055,Regular,NE,NEZ
26/03/2021,15.79294431412345,58.766,Regular,SO,PED
26/03/2021,27.254535027036038,82.87,Regular,NO,TLA
26/03/2021,23.227834033779256,74.402,Regular,SE,UAX
26/04/2021,12.685057110648396,52.23,Regular,SO,AJU
26/04/2021,36.51154132871507,103.491,Mala,CE,BJU
26/04/2021,25.418513534672304,79.009,Regular,NE,GAM
26/04/2021,29.861645254095436,88.353,Regular,CE,HGM
26/04/2021,27.97848734379033,84.393,Regular,SO,INN
26/04/2021,17.81659769385465,63.022,Regular,NE,MON
26/04/2021,18.514251847060994,64.489,Regular,SE,MPA
26/04/2021,24.27834255622502,76.611,Regular,NE,NEZ
26/04/2021,26.508760782610455,81.302,Regular,SO,PED
26/04/2021,29.802355292612784,88.228,Regular,NO,TLA
26/04/2021,27.81741061470724,84.054,Regular,SE,UAX
26/04/2021,23.479368468672796,74.931,Regular,NE,XAL
26/05/2021,15.754361180732129,58.685,Regular,SO,AJU
26/05/2021,34.44130748729023,97.984,Regular,CE,BJU
26/05/2021,22.732588486381815,73.36,Regular,NE,GAM
26/05/2021,25.217746182893116,78.587,Regular,CE,HGM
26/05/2021,27.181450952670392,82.716,Regular,SO,INN
26/05/2021,24.782621901362997,77.672,Regular,NO,MGH
26/05/2021,19.029952457130037,65.574,Regular,NE,MON
26/05/2021,22.843354563403278,73.593,Regular,NE,NEZ
26/05/2021,23.441345005902637,74.851,Regular,SO,PED
26/05/2021,26.955566218167093,82.241,Regular,SO,SFE
26/05/2021,25.970293901561906,80.169,Regular,NO,TLA
26/05/2021,27.415716677588772,83.209,Regular,SE,UAX
26/05/2021,16.444827289365737,60.137,Regular,NE,XAL
27/01/2021,30.71819578210388,90.154,Regular,CE,BJU
27/01/2021,17.719398992284322,62.818,Regular,NE,GAM
27/01/2021,24.54118813361625,77.164,Regular,CE,HGM
27/01/2021,31.645419912801874,92.104,Regular,SO,INN
27/01/2021,28.28256735749866,85.032,Regular,CE,MER
27/01/2021,10.856999817087726,45.237,Buena,NE,MON
27/01/2021,11.525302615354617,48.022,Buena,SE,MPA
27/01/2021,16.691335235143473,60.656,Regular,NE,NEZ
27/01/2021,19.046532866068652,65.609,Regular,SO,PED
27/01/2021,20.61146341358761,68.9,Regular,NE,SAG
27/01/2021,21.995601417771002,71.81,Regular,SO,SFE
27/01/2021,19.376328021730185,66.302,Regular,NO,TLA
27/01/2021,20.52380591265564,68.715,Regular,SE,UAX
27/02/2021,33.9928907668963,97.041,Regular,CE,BJU
27/02/2021,25.194435167093687,78.538,Regular,NE,GAM
27/02/2021,27.712934054024306,83.834,Regular,CE,HGM
27/02/2021,18.218144349388776,63.866,Regular,SO,INN
27/02/2021,11.019642398237515,45.915,Buena,NE,MON
27/02/2021,9.545540910559616,39.773,Buena,SE,MPA
27/02/2021,19.7315060624692,67.049,Regular,NE,NEZ
27/02/2021,18.087031544559444,63.591,Regular,SO,PED
27/02/2021,22.585451083280287,73.051,Regular,SO,SFE
27/02/2021,26.77717711889665,81.866,Regular,NO,TLA
27/02/2021,21.112035892546515,69.952,Regular,SE,UAX
27/02/2021,24.736657981987797,77.575,Regular,SE,UIZ
27/03/2021,32.757955070622245,94.444,Regular,CE,BJU
27/03/2021,23.243057003623175,74.434,Regular,NE,GAM
27/03/2021,27.40408210919393,83.185,Regular,CE,HGM
27/03/2021,18.68276832838223,64.844,Regular,SO,INN
27/03/2021,15.308807154527399,57.748,Regular,NE,MON
27/03/2021,13.588621654837565,54.131,Regular,SE,MPA
27/03/2021,23.548191269102976,75.076,Regular,NE,NEZ
27/03/2021,16.51164876108669,60.278,Regular,SO,PED
27/03/2021,26.93387481753091,82.196,Regular,NO,TLA
27/03/2021,23.005517506300517,73.934,Regular,SE,UAX
27/04/2021,16.361953018614763,59.963,Regular,SO,AJU
27/04/2021,40.41147822175873,113.094,Mala,CE,BJU
27/04/2021,32.49316574144456,93.887,Regular,NE,GAM
27/04/2021,33.269302223086434,95.519,Regular,CE,HGM
27/04/2021,33.34302407997936,95.674,Regular,SO,INN
27/04/2021,24.73674694785584,77.575,Regular,NE,MON
27/04/2021,19.257492265595925,66.052,Regular,SE,MPA
27/04/2021,28.96785248559072,86.473,Regular,NE,NEZ
27/04/2021,28.68039290984316,85.869,Regular,SO,PED
27/04/2021,34.132390540340836,97.334,Regular,NO,TLA
27/04/2021,33.798678040048884,96.632,Regular,SE,UAX
27/04/2021,26.65188604987528,81.603,Regular,NE,XAL
27/05/2021,9.744083142341141,40.6,Buena,SO,AJU
27/05/2021,33.15794355690428,95.285,Regular,CE,BJU
27/05/2021,22.382982262799132,72.625,Regular,NE,GAM
27/05/2021,23.998210376555452,76.022,Regular,CE,HGM
27/05/2021,22.706226717719932,73.305,Regular,SO,INN
27/05/2021,26.8751179442039,82.072,Regular,NO,MGH
27/05/2021,17.44573438718248,62.242,Regular,NE,MON
27/05/2021,20.831715175174512,69.363,Regular,NE,NEZ
27/05/2021,26.78925456960224,81.892,Regular,NE,SAG
27/05/2021,24.438025432832113,76.947,Regular,SO,SFE
27/05/2021,26.237932102511838,80.732,Regular,NO,TLA
27/05/2021,23.337509264981197,74.633,Regular,SE,UAX
27/05/2021,18.748648889954563,64.982,Regular,NE,XAL
28/01/2021,22.11005498049531,72.051,Regular,CE,BJU
28/01/2021,14.996796855288622,57.092,Regular,NE,GAM
28/01/2021,8.92947224124115,37.206,Buena,CE,HGM
28/01/2021,22.342612848805917,72.54,Regular,SO,INN
28/01/2021,16.13228187214726,59.48,Regular,CE,MER
28/01/2021,13.629275747619754,54.216,Regular,NE,MON
28/01/2021,6.644724967732437,27.686,Buena,SE,MPA
28/01/2021,13.08509974587163,53.072,Regular,NE,NEZ
28/01/2021,10.830183775047468,45.126,Buena,SO,PED
28/01/2021,17.959726311975988,63.323,Regular,NE,SAG
28/01/2021,14.746970446690383,56.567,Regular,SO,SFE
28/01/2021,11.827766746515612,49.282,Buena,NO,TLA
28/01/2021,10.592716453286164,44.136,Buena,SE,UAX
28/01/2021,7.012225769225965,29.218,Buena,NE,XAL
28/02/2021,34.394698547728844,97.886,Regular,CE,BJU
28/02/2021,23.777394449356173,75.558,Regular,NE,GAM
28/02/2021,26.68261053314114,81.667,Regular,CE,HGM
28/02/2021,20.06304091208899,67.746,Regular,SO,INN
28/02/2021,11.21293991336345,46.721,Buena,NE,MON
28/02/2021,12.4926912070535,51.826,Regular,SE,MPA
28/02/2021,19.53281355835102,66.631,Regular,NE,NEZ
28/02/2021,19.06750393665477,65.653,Regular,SO,PED
28/02/2021,24.376157238145378,76.817,Regular,SO,SFE
28/02/2021,27.56298280865651,83.519,Regular,NO,TLA
28/02/2021,22.47551615487308,72.82,Regular,SE,UAX
28/02/2021,25.576688384471257,79.342,Regular,SE,UIZ
28/03/2021,26.37736179492209,81.025,Regular,CE,BJU
28/03/2021,14.51961664557955,56.088,Regular,NE,GAM
28/03/2021,22.186741841535824,72.212,Regular,CE,HGM
28/03/2021,18.968273996897825,65.444,Regular,SO,INN
28/03/2021,8.857033085975416,36.904,Buena,NE,MON
28/03/2021,12.557713397083427,51.963,Regular,SE,MPA
28/03/2021,14.439203493158454,55.919,Regular,NE,NEZ
28/03/2021,15.60789776561153,58.377,Regular,SO,PED
28/03/2021,18.657459590053104,64.79,Regular,NO,TLA
28/03/2021,18.19004735534974,63.807,Regular,SE,UAX
28/04/2021,14.490642498658389,56.028,Regular,SO,AJU
28/04/2021,37.369700870279125,105.604,Mala,CE,BJU
28/04/2021,28.034412783134417,84.51,Regular,NE,GAM
28/04/2021,29.65903131802438,87.927,Regular,CE,HGM
28/04/2021,26.199904336133848,80.652,Regular,SO,INN
28/04/2021,17.123105648249435,61.564,Regular,NE,MON
28/04/2021,14.090040887980225,55.185,Regular,SE,MPA
28/04/2021,22.234545400686475,72.313,Regular,NE,NEZ
28/04/2021,26.07946399263516,80.399,Regular,SO,PED
28/04/2021,31.80576498038002,92.441,Regular,NO,TLA
28/04/2021,28.100290939083507,84.649,Regular,SE,UAX
28/04/2021,22.668514397969794,73.226,Regular,NE,XAL
28/05/2021,5.5026603045947695,22.928,Buena,SO,AJU
28/05/2021,29.815161528262227,88.255,Regular,CE,BJU
28/05/2021,20.395631540164594,68.446,Regular,NE,GAM
28/05/2021,21.950119647886996,71.715,Regular,CE,HGM
28/05/2021,17.222647213912655,61.773,Regular,SO,INN
28/05/2021,26.036435064914595,80.308,Regular,NO,MGH
28/05/2021,11.702275732116938,48.759,Buena,NE,MON
28/05/2021,17.5015752698236,62.36,Regular,NE,NEZ
28/05/2021,17.89850714179015,63.194,Regular,SO,PED
28/05/2021,24.914773927282052,77.95,Regular,NE,SAG
28/05/2021,20.074345509664948,67.77,Regular,SO,SFE
28/05/2021,26.729090893803665,81.765,Regular,NO,TLA
28/05/2021,20.444349224456307,68.548,Regular,SE,UAX
28/05/2021,22.64248863526055,73.171,Regular,SE,UIZ
28/05/2021,18.254181035831348,63.942,Regular,NE,XAL
29/01/2021,25.270571355588945,78.698,Regular,CE,BJU
29/01/2021,16.673376059350563,60.618,Regular,NE,GAM
29/01/2021,13.80507214677542,54.586,Regular,CE,HGM
29/01/2021,18.98633360591504,65.482,Regular,SO,INN
29/01/2021,20.974908841001582,69.664,Regular,CE,MER
29/01/2021,8.01415423117448,33.392,Buena,NE,MON
29/01/2021,5.151541587732914,21.465,Buena,SE,MPA
29/01/2021,13.217514114429523,53.35,Regular,NE,NEZ
29/01/2021,13.522358992720747,53.991,Regular,SO,PED
29/01/2021,17.34871472741317,62.038,Regular,NE,SAG
29/01/2021,19.59696707807079,66.766,Regular,SO,SFE
29/01/2021,17.886191571874104,63.168,Regular,NO,TLA
29/01/2021,14.389382461814424,55.815,Regular,SE,UAX
29/01/2021,12.75431277543548,52.376,Regular,NE,XAL
29/03/2021,29.601087862909193,87.805,Regular,CE,BJU
29/03/2021,20.047506769315124,67.714,Regular,NE,GAM
29/03/2021,22.464388749863854,72.796,Regular,CE,HGM
29/03/2021,27.563833632559497,83.521,Regular,SO,INN
29/03/2021,19.12937937041169,65.783,Regular,NE,MON
29/03/2021,15.069275018028701,57.244,Regular,SE,MPA
29/03/2021,21.274272719551924,70.294,Regular,NE,NEZ
29/03/2021,19.800916070433136,67.195,Regular,SO,PED
29/03/2021,22.583096192055564,73.046,Regular,NO,TLA
29/03/2021,22.88307208844069,73.677,Regular,SE,UAX
29/04/2021,11.11659336440053,46.319,Buena,SO,AJU
29/04/2021,34.56032138857718,98.234,Regular,CE,BJU
29/04/2021,24.441860397344445,76.955,Regular,NE,GAM
29/04/2021,27.452625392325434,83.287,Regular,CE,HGM
29/04/2021,23.456474698263943,74.883,Regular,SO,INN
29/04/2021,17.765792880730384,62.915,Regular,NE,MON
29/04/2021,13.743458978662812,54.456,Regular,SE,MPA
29/04/2021,24.980267697541137,78.087,Regular,NE,NEZ
29/04/2021,23.398626946212534,74.761,Regular,SO,PED
29/04/2021,31.060418846591155,90.874,Regular,NO,TLA
29/04/2021,26.240523966006602,80.738,Regular,SE,UAX
29/05/2021,5.439959793037571,22.666,Buena,SO,AJU
29/05/2021,25.258571490304025,78.673,Regular,CE,BJU
29/05/2021,13.977875151631272,54.949,Regular,NE,GAM
29/05/2021,20.881601613134407,69.468,Regular,CE,HGM
29/05/2021,16.10489059947699,59.422,Regular,SO,INN
29/05/2021,22.624472237052117,73.133,Regular,NO,MGH
29/05/2021,5.652777934575842,23.553,Buena,NE,MON
29/05/2021,12.144157112130827,51.093,Regular,NE,NEZ
29/05/2021,14.432643556230719,55.906,Regular,SO,PED
29/05/2021,19.978100774769516,67.568,Regular,NE,SAG
29/05/2021,15.836405715536,58.858,Regular,SO,SFE
29/05/2021,23.233691346427843,74.414,Regular,NO,TLA
29/05/2021,14.99684932840908,57.092,Regular,SE,UAX
29/05/2021,15.534628864051866,58.223,Regular,SE,UIZ
29/05/2021,11.284933844058488,47.021,Buena,NE,XAL
30/01/2021,28.376685523775386,85.23,Regular,CE,BJU
30/01/2021,18.700106281896364,64.88,Regular,NE,GAM
30/01/2021,23.89464799020353,75.804,Regular,CE,HGM
30/01/2021,19.50652245281548,66.576,Regular,SO,INN
30/01/2021,28.09234553280591,84.632,Regular,CE,MER
30/01/2021,10.906745001915354,45.445,Buena,NE,MON
30/01/2021,7.865907612816161,32.775,Buena,SE,MPA
30/01/2021,17.313864080973683,61.965,Regular,NE,NEZ
30/01/2021,14.208946758439001,55.435,Regular,SO,PED
30/01/2021,21.977780092990127,71.773,Regular,NE,SAG
30/01/2021,20.232060917162475,68.102,Regular,SO,SFE
30/01/2021,24.305614171064892,76.668,Regular,NO,TLA
30/01/2021,19.28602329409311,66.112,Regular,SE,UAX
30/01/2021,16.8533456625213,60.996,Regular,NE,XAL
30/03/2021,33.06307128202135,95.085,Regular,CE,BJU
30/03/2021,23.040792667801295,74.009,Regular,NE,GAM
30/03/2021,27.48657004979759,83.358,Regular,CE,HGM
30/03/2021,31.26304065724619,91.3,Regular,SO,INN
30/03/2021,16.96970291697406,61.241,Regular,NE,MON
30/03/2021,17.35423885686365,62.05,Regular,SE,MPA
30/03/2021,22.718067459658887,73.33,Regular,NE,NEZ
30/03/2021,24.049503225261088,76.13,Regular,SO,PED
30/03/2021,27.88716573597946,84.2,Regular,NO,TLA
30/03/2021,28.65988563121115,85.826,Regular,SE,UAX
30/03/2021,16.024870566235847,59.254,Regular,NE,XAL
30/04/2021,5.924622852112671,24.686,Buena,SO,AJU
30/04/2021,30.309172118317928,89.294,Regular,CE,BJU
30/04/2021,21.495721030057375,70.759,Regular,NE,GAM
30/04/2021,21.36659372236054,70.488,Regular,CE,HGM
30/04/2021,16.11002899920129,59.433,Regular,SO,INN
30/04/2021,13.231224409455352,53.379,Regular,NE,MON
30/04/2021,11.619341467238131,48.414,Buena,SE,MPA
30/04/2021,19.964078534568817,67.538,Regular,NE,NEZ
30/04/2021,18.65694238410517,64.789,Regular,SO,PED
30/04/2021,26.954707059850787,82.24,Regular,NO,TLA
30/04/2021,19.810145226764536,67.214,Regular,SE,UAX
30/05/2021,8.340471886059632,34.752,Buena,SO,AJU
30/05/2021,26.98919439257159,82.312,Regular,CE,BJU
30/05/2021,14.760739212051067,56.596,Regular,NE,GAM
30/05/2021,21.114918748011906,69.958,Regular,CE,HGM
30/05/2021,18.039070653093013,63.49,Regular,SO,INN
30/05/2021,19.769218230282434,67.128,Regular,NO,MGH
30/05/2021,13.393189198755797,53.72,Regular,NE,MON
30/05/2021,18.14486143752249,63.712,Regular,NE,NEZ
30/05/2021,14.504785280546141,56.057,Regular,SO,PED
30/05/2021,20.239317615652098,68.117,Regular,NE,SAG
30/05/2021,18.956840515233147,65.42,Regular,SO,SFE
30/05/2021,19.779583436921868,67.15,Regular,NO,TLA
30/05/2021,20.279410819070318,68.201,Regular,SE,UAX
30/05/2021,20.10923377622481,67.843,Regular,SE,UIZ
30/05/2021,11.735356992464427,48.897,Buena,NE,XAL
31/01/2021,19.499540433609045,66.561,Regular,CE,BJU
31/01/2021,10.574128761017919,44.059,Buena,NE,GAM
31/01/2021,16.13638439189573,59.489,Regular,CE,HGM
31/01/2021,19.78243977316881,67.156,Regular,SO,INN
31/01/2021,18.292228806670785,64.022,Regular,CE,MER
31/01/2021,2.739974516306666,11.417,Buena,NE,MON
31/01/2021,6.250842043272036,26.045,Buena,SE,MPA
31/01/2021,10.932438685276868,45.552,Buena,NE,NEZ
31/01/2021,10.814526897458471,45.061,Buena,SO,PED
31/01/2021,16.215224750360452,59.654,Regular,NE,SAG
31/01/2021,15.344062253793595,57.822,Regular,SO,SFE
31/01/2021,11.975274087505248,49.897,Buena,NO,TLA
31/01/2021,13.049908113942445,52.998,Regular,SE,UAX
31/01/2021,7.206976546876344,30.029,Buena,NE,XAL
31/03/2021,26.713943033663345,81.733,Regular,CE,BJU
31/03/2021,18.67043068050924,64.818,Regular,NE,GAM
31/03/2021,22.770917879714727,73.441,Regular,CE,HGM
31/03/2021,25.321772876053842,78.805,Regular,SO,INN
31/03/2021,11.12294384902938,46.346,Buena,NE,MON
31/03/2021,12.828583880554193,52.532,Regular,SE,MPA
31/03/2021,16.870027367830804,61.031,Regular,NE,NEZ
31/03/2021,18.289414698405853,64.016,Regular,SO,PED
31/03/2021,21.634808512585185,71.052,Regular,NO,TLA
31/03/2021,22.234981259937417,72.314,Regular,SE,UAX
31/03/2021,12.248703610417943,51.313,Regular,NE,XAL
31/05/2021,10.642843738096584,44.345,Buena,SO,AJU
31/05/2021,30.213706984719312,89.093,Regular,CE,BJU
31/05/2021,19.37173737514358,66.292,Regular,NE,GAM
31/05/2021,21.187281117012123,70.111,Regular,CE,HGM
31/05/2021,25.74898156649613,79.704,Regular,SO,INN
31/05/2021,21.666200935378264,71.118,Regular,NO,MGH
31/05/2021,14.582311891239215,56.22,Regular,NE,MON
31/05/2021,19.460029375039362,66.478,Regular,NE,NEZ
31/05/2021,20.15302379681835,67.936,Regular,SO,PED
31/05/2021,24.9902393119859,78.108,Regular,NE,SAG
31/05/2021,25.473651152018174,79.125,Regular,SO,SFE
31/05/2021,19.24078513224315,66.017,Regular,NO,TLA
31/05/2021,24.650751778962977,77.394,Regular,SE,UAX
31/05/2021,22.60538876451717,73.093,Regular,SE,UIZ
31/05/2021,15.688535999233938,58.547,Regular,NE,XAL
